reporter,time_int,cell,cell_id,k,b,b/k,abs(1-b)/k,k_cov,b_cov,1-b,chi-sq,R-sq,lin_slope,lin_intercept,lin_r_sq,lin_pval,adj_k_0.70,adj_k_0.70_cond,adj_k_0.80,adj_k_0.80_cond
111,30s,MN,50mM 2DG_1h_yes_A_MN_0_1_0002,0.45544887936857836,0.3544135651633634,0.7781632170326394,1.417472880231168,[3.07530512e-05 7.73547360e-06],[7.73547360e-06 3.77523836e-06],0.6455864348366366,0.0014538029899330352,0.9989757614219699,-0.03973062793664635,0.7190352430646297,0.6958369533432155,2.2055464551864776e-07,0.45544887936857836,0.45544887936857836,0.45544887936857836,0.45544887936857836
111,30s,MN,50mM 2DG_1h_yes_A_MN_0_1_0004,0.05465993892223359,0.8912236550769369,16.304878356064552,1.9900561008277489,[0.00059663 0.00092407],[0.00092407 0.00143925],0.1087763449230631,0.0004334480444970017,0.9321913168861375,-0.004220610221714411,0.9961966884417377,0.9309258690203938,7.633901646666538e-15,0.05465993892223359,0.05465993892223359,0.05465993892223359,0.05465993892223359
111,30s,MN,50mM 2DG_1h_yes_A_MN_0_1_0005,0.4154661193913976,0.35838674404566845,0.8626136460192162,1.5443214885830143,[6.51097557e-05 1.98940863e-05],[1.98940863e-05 1.07513439e-05],0.6416132559543315,0.0038610170227984177,0.9974246467705419,-0.04074470146145836,0.7378755544630478,0.7456850242164236,2.7296457749986492e-08,0.4154661193913976,0.4154661193913976,0.4154661193913976,0.4154661193913976
111,30s,MN,50mM 2DG_1h_yes_A_MN_0_1_0009,0.20580409222800453,0.7836434960668173,3.807715811591544,1.0512740616133496,[1.41158506e-04 6.00365609e-05],[6.00365609e-05 2.90864158e-05],0.21635650393318273,0.0010529832591397647,0.9889904003170855,-0.01528929225351401,0.9572638033922874,0.89391520193427,1.0806384611940055e-12,0.20580409222800453,0.20580409222800453,0.20580409222800453,0.20580409222800453
111,30s,MN,50mM 2DG_1h_yes_A_MN_0_1_0011,0.4859553949675911,0.5135981325667983,1.0568832816457376,1.000918751947677,[2.89794844e-04 4.76231158e-05],[4.76231158e-05 1.62680275e-05],0.4864018674332017,0.006295130720423551,0.9910914510791571,-0.029232004724274126,0.7781760967390763,0.6944704856484698,2.324260271733109e-07,0.4859553949675911,0.4859553949675911,0.4859553949675911,0.4859553949675911
111,30s,MN,50mM 2DG_1h_yes_A_MN_0_1_0016,0.23369497258781013,0.5422141499445713,2.3201789235788377,1.9589032874184624,[6.67268806e-05 4.73948983e-05],[4.73948983e-05 4.01213584e-05],0.4577858500554287,0.002763761548605804,0.9951003915516892,-0.0321823765718605,0.8920892654172119,0.87947273656072,4.7247093868755546e-12,0.23369497258781013,0.23369497258781013,0.23369497258781013,0.23369497258781013
111,30s,MN,50mM 2DG_1h_yes_A_MN_0_2_0004,0.5478544334118135,0.68801911497451,1.255842926541286,0.5694594512681053,[0.00144836 0.00011716],[1.17157308e-04 2.25101926e-05],0.31198088502549004,0.007931090620947165,0.9648332202168085,-0.01697648745464144,0.8414003697298167,0.5773301297194472,1.053660193245242e-05,0.5478544334118135,0.5478544334118135,0.5478544334118135,0.5478544334118135
111,30s,MN,50mM 2DG_1h_yes_A_MN_0_2_0005,0.7878809286634709,0.43557614622912944,0.5528451449739024,0.7163821755761193,[7.78227001e-04 5.12285614e-05],[5.12285614e-05 1.22302372e-05],0.5644238537708706,0.009248068488330846,0.9907238678383533,-0.027114019930449054,0.6670336999718888,0.5257376837027345,4.127066045149938e-05,0.7878809286634709,0.7878809286634709,0.7878809286634709,0.7878809286634709
111,30s,MN,50mM 2DG_1h_yes_A_MN_0_2_0008,0.5521220379635489,0.36634006796884294,0.6635128518326391,1.1476809264277028,[1.13621183e-04 1.83497582e-05],[1.83497582e-05 7.10160251e-06],0.6336599320311571,0.004647470276226175,0.9973120121309959,-0.03629967657754512,0.6892022192538387,0.6340586869771456,1.9274361512323347e-06,0.5521220379635489,0.5521220379635489,0.5521220379635489,0.5521220379635489
111,30s,MN,50mM 2DG_1h_yes_A_MN_0_2_0011,0.5050147257808808,0.5335764481617659,1.0565562169236182,0.9235840620627944,[1.89178548e-04 2.73867113e-05],[2.73867113e-05 8.59540452e-06],0.46642355183823414,0.0034791793298066067,0.994667610598943,-0.0275794250279532,0.78222131606722,0.6662752971142973,6.533745500525946e-07,0.5050147257808808,0.5050147257808808,0.5050147257808808,0.5050147257808808
111,30s,MN,50mM 2DG_1h_yes_A_MN_0_2_0012,0.19851676548317748,0.6004465885105322,3.024664375570912,2.0126935400996464,[6.07430027e-05 5.09323787e-05],[5.09323787e-05 4.81287096e-05],0.39955341148946777,0.0018378255346666217,0.9947983325817379,-0.027507991059881585,0.9192947392312099,0.9224766910876872,2.8900272005537144e-14,0.19851676548317748,0.19851676548317748,0.19851676548317748,0.19851676548317748
111,30s,MN,50mM 2DG_1h_yes_A_MN_0_3_0003,0.41220675252455813,0.4564435150709109,1.1073169283992195,1.3186501230270493,[4.09643441e-05 1.07866277e-05],[1.07866277e-05 4.98560613e-06],0.543556484929089,0.0013585904944384071,0.998470341222688,-0.03504823061745416,0.7836767484974811,0.7160597078898097,9.870483904774936e-08,0.41220675252455813,0.41220675252455813,0.41220675252455813,0.41220675252455813
111,30s,MN,50mM 2DG_1h_yes_A_MN_0_3_0005,0.5018245860647452,0.5070327212917533,1.0103783978936738,0.9823497939270841,[5.18231364e-04 8.04086030e-05],[8.04086030e-05 2.68600808e-05],0.49296727870824675,0.008992134600597916,0.9838411720377046,-0.028584794968059234,0.7649727194250215,0.6996482609344665,1.9031759208319576e-07,0.5018245860647452,0.5018245860647452,0.5018245860647452,0.5018245860647452
111,30s,MN,50mM 2DG_1h_yes_A_MN_0_3_0007,0.21621814908992873,0.7799803974084302,3.607377089718881,1.017581565273968,[0.00028845 0.00011394],[1.13936147e-04 5.20972274e-05],0.22001960259156983,0.002233179615988688,0.9775477027683916,-0.01540840062798342,0.9521722875030614,0.8915384353814515,1.395947281692153e-12,0.21621814908992873,0.21621814908992873,0.21621814908992873,0.21621814908992873
111,30s,MN,50mM 2DG_1h_yes_A_MN_0_3_0008,1.4302257680469921e-05,-342.2349023221768,-23928732.78947469,23998651.820605386,[1.29934048e-03 3.11807738e+04],[3.11807738e+04 7.48257035e+11],343.2349023221768,0.011553310590298085,0.5439410964322793,-0.006685229626655269,1.0145076606754735,0.601796816159165,5.211560602417888e-06,0.0,0.0,0.0,0.0
111,30s,MN,50mM 2DG_1h_yes_A_MN_0_3_0009,0.12184382953332316,0.9102491859780659,7.470621938463623,0.736605328030896,[0.00417127 0.00176929],[0.00176929 0.00077849],0.08975081402193408,0.004624405686575453,0.7347130235308763,-0.005932997862979404,0.9941716255959058,0.6882268764426835,2.9448884358436345e-07,0.12184382953332316,0.12184382953332316,0.0,0.0
111,30s,MN,50mM 2DG_1h_yes_A_MN_0_3_0010,0.42139702632688797,0.5812926277564076,1.3794416937946892,0.9936172922083957,[5.13523620e-04 9.92853781e-05],[9.92853781e-05 3.44256618e-05],0.41870737224359245,0.009573942505764994,0.9806328375630999,-0.026837049602626863,0.8295169338592134,0.742299656250471,3.184487060788026e-08,0.42139702632688797,0.42139702632688797,0.42139702632688797,0.42139702632688797
111,30s,MN,50mM 2DG_1h_yes_A_MN_0_3_0011,0.25941032759025956,0.6013916913945828,2.31830280999639,1.5365938291979717,[1.77297233e-04 8.96334763e-05],[8.96334763e-05 5.66134418e-05],0.3986083086054172,0.004771134106839435,0.9874363737023227,-0.02754669285547862,0.8911218101576658,0.8785586752081055,5.156020735155481e-12,0.25941032759025956,0.25941032759025956,0.25941032759025956,0.25941032759025956
111,30s,MN,50mM 2DG_1h_yes_A_MN_0_3_0014,0.29407507862261295,0.5377895272281787,1.8287490723357926,1.5717430900187797,[1.17696336e-04 5.37099540e-05],[5.37099540e-05 3.28517139e-05],0.46221047277182126,0.004549640431614784,0.9931980599964398,-0.032360880670281686,0.8641687408035742,0.8227346185120238,4.1136788862455917e-10,0.29407507862261295,0.29407507862261295,0.29407507862261295,0.29407507862261295
111,30s,MN,50mM 2DG_1h_yes_A_MN_0_3_0019,0.2844474422422438,0.4310023378702082,1.515226624900195,2.0003613238512328,[3.46504480e-05 2.08211962e-05],[2.08211962e-05 1.64339712e-05],0.5689976621297919,0.0020995499015049055,0.9978264697513964,-0.03945592683833142,0.8337329258758749,0.8475780711532069,7.14888958157016e-11,0.2844474422422438,0.2844474422422438,0.2844474422422438,0.2844474422422438
111,30s,MN,50mM 2DG_1h_yes_A_MN_0_3_0021,0.2350971727516696,0.44105842538242607,1.8760686069513517,2.3774916902466425,[1.51059618e-05 1.29521563e-05],[1.29521563e-05 1.32681377e-05],0.5589415746175739,0.001163029000809501,0.9988974460369276,-0.039477139779727895,0.8686161213078833,0.8853470896025384,2.651581888410452e-12,0.2350971727516696,0.2350971727516696,0.2350971727516696,0.2350971727516696
111,30s,MN,50mM 2DG_1h_yes_A_MN_0_4_0005,0.30365077283918773,0.5098258284382117,1.6789874225290164,1.6142694681082952,[3.61077502e-05 1.63689271e-05],[1.63689271e-05 1.01523376e-05],0.49017417156178833,0.0015575645483169734,0.9979159971499538,-0.03392426434719126,0.8491675520198824,0.8305515603809261,2.4385147726653505e-10,0.30365077283918773,0.30365077283918773,0.30365077283918773,0.30365077283918773
111,30s,MN,50mM 2DG_1h_yes_A_MN_0_4_0010,0.42014520429405006,0.39534676493362175,0.9409765026305704,1.4391530092134415,[5.26305363e-05 1.47900899e-05],[1.47900899e-05 7.43204248e-06],0.6046532350663782,0.0028406400814346053,0.9979716036672364,-0.03840712935863945,0.7520544076692526,0.7411417943283929,3.355319144726706e-08,0.42014520429405006,0.42014520429405006,0.42014520429405006,0.42014520429405006
111,30s,MN,50mM 2DG_1h_yes_A_MN_0_4_0011,2.3952249458682217e-05,-15.306822689710966,-639055.7478167273,680805.4799963711,[2.76518004e-01 1.88225117e+05],[1.88225117e+05 1.28124368e+11],16.306822689710966,0.0027223544286237604,0.06025958543865506,-0.0011423149200416073,1.0061392734969186,0.14679680064903716,0.058691683147945276,,,,
111,30s,MN,50mM 2DG_1h_yes_A_MN_0_4_0013,0.1119830811888846,0.937541567195478,8.372171557006041,0.5577488326042025,[0.00212451 0.00071259],[0.00071259 0.00024627],0.06245843280452201,0.001063393881052595,0.8290447949039351,-0.0038384873509893737,0.9953510726655701,0.7918682796028821,2.6513043311763064e-09,0.1119830811888846,0.1119830811888846,0.1119830811888846,0.1119830811888846
111,30s,MN,50mM 2DG_1h_yes_A_MN_0_4_0014,0.7286828012999294,0.4067609030169726,0.5582139475383993,0.8141252900778255,[3.29001781e-04 2.69949294e-05],[2.69949294e-05 7.33240758e-06],0.5932390969830275,0.005323428669233319,0.9955782470797783,-0.029825140389531393,0.663844088174496,0.5328279196551612,3.450511936816914e-05,0.7286828012999294,0.7286828012999294,0.7286828012999294,0.7286828012999294
111,30s,MN,50mM 2DG_1h_yes_A_MN_0_5_0001,0.13520637994939239,0.9393096540389301,6.947228780110175,0.44887190962280227,[0.00238321 0.00058115],[0.00058115 0.00014856],0.060690345961069925,0.0012476426712833616,0.8323479588660943,-0.004148101117118028,0.9950180699959772,0.7745474218379381,6.714896932277926e-09,0.13520637994939239,0.13520637994939239,0.13520637994939239,0.13520637994939239
111,30s,MN,50mM 2DG_1h_yes_A_MN_0_5_0002,0.5157524534996389,0.34620904029509053,0.6712697883371929,1.2676448851936817,[6.90252312e-05 1.33709181e-05],[1.33709181e-05 5.74780546e-06],0.6537909597049094,0.003227058168390559,0.9981583719748645,-0.03852472486689972,0.6924117048907994,0.654169143487413,9.923586308572241e-07,0.5157524534996389,0.5157524534996389,0.5157524534996389,0.5157524534996389
111,30s,MN,50mM 2DG_1h_yes_A_MN_0_5_0003,3.371311438736736e-05,-127.16587085137617,-3772000.1003237623,3801662.147813943,[1.05495074e-03 4.00995282e+03],[4.00995282e+03 1.52421541e+10],128.16587085137616,0.0009181748046455597,0.8918351158415926,-0.004808473776025076,1.0039874333009455,0.9045386732697698,3.194061700700675e-13,3.371311438736736e-05,3.371311438736736e-05,3.371311438736736e-05,3.371311438736736e-05
111,30s,MN,50mM 2DG_1h_yes_A_MN_0_5_0005,1.7032275711091608e-05,-63.25166941653931,-3713635.834074076,3772347.894456517,[7.48026042e-03 2.82176424e+04],[2.82176424e+04 1.06444870e+11],64.2516694165393,0.003414649492213666,0.2679126172007703,-0.0027447389132200083,1.0134786582067146,0.5275539461468424,3.9430063355864385e-05,0.0,0.0,0.0,0.0
111,30s,MN,50mM 2DG_1h_yes_A_MN_0_5_0006,0.49918142636074786,0.5388899072657788,1.0795471922794149,0.9237324715703399,[5.30782585e-04 7.79367151e-05],[7.79367151e-05 2.44947557e-05],0.4611100927342212,0.009118435042007798,0.9854407713199971,-0.02763037374290278,0.7884693773167547,0.6502354936727646,1.1332336152586698e-06,0.49918142636074786,0.49918142636074786,0.49918142636074786,0.49918142636074786
111,30s,MN,50mM 2DG_1h_yes_A_MN_0_5_0008,0.33715187570313726,0.6113626580767946,1.8133153102048891,1.1527070437104767,[0.00041662 0.00012053],[1.20533512e-04 5.14026351e-05],0.3886373419232054,0.008410871053607428,0.9777494494603616,-0.026114433525291726,0.8653913022047824,0.8213646394851003,4.4978879910523044e-10,0.33715187570313726,0.33715187570313726,0.33715187570313726,0.33715187570313726
111,30s,MN,50mM 2DG_1h_yes_A_MN_0_5_0009,0.3449938300678308,0.4475064091066576,1.297143224325697,1.6014593385183558,[4.83792423e-05 1.89586433e-05],[1.89586433e-05 1.11493970e-05],0.5524935908933424,0.0025272448822851574,0.9976379535351402,-0.0374962893930123,0.8103237611709146,0.7897744801817818,2.978319796471022e-09,0.3449938300678308,0.3449938300678308,0.3449938300678308,0.3449938300678308
111,30s,MN,50mM 2DG_1h_yes_A_MN_0_5_0010,0.38574555321871873,0.3767580864027216,0.9767010488105324,1.6156813951498714,[2.14193897e-05 7.46413356e-06],[7.46413356e-06 4.29129123e-06],0.6232419135972784,0.001301040564681072,0.9990926984206228,-0.040786586280086135,0.7625812701764664,0.750440951531399,2.1906901448621713e-08,0.38574555321871873,0.38574555321871873,0.38574555321871873,0.38574555321871873
111,30s,MN,50mM 2DG_1h_yes_A_MN_0_5_0012,0.3281124029697811,0.5106292569830391,1.5562631962744413,1.491472856824713,[2.12919367e-04 8.21046550e-05],[8.21046550e-05 4.57233864e-05],0.48937074301696093,0.007985016555508635,0.988447751125961,-0.03321171576283966,0.83601691269427,0.8220934027466585,4.2896045645128497e-10,0.3281124029697811,0.3281124029697811,0.3281124029697811,0.3281124029697811
111,30s,MN,50mM 2DG_1h_yes_A_MN_0_6_0016,0.10328458059537897,0.9606385504529463,9.300890267602307,0.38109705553487755,[0.01449761 0.00345319],[0.00345319 0.00084303],0.03936144954705367,0.0026933229892027416,0.4901147180169213,-0.0027366939533517228,1.000737767298109,0.46900510339766033,0.0001589863805803119,0.0,0.0,0.0,0.0
111,30s,MN,50mM 2DG_1h_yes_A_MN_0_6_0017,0.5628856386018415,0.5566265633597717,0.9888803785123799,0.7876794258626477,[3.49876073e-04 3.78845334e-05],[3.78845334e-05 1.00496235e-05],0.4433734366402283,0.004414632536918722,0.9920307569390243,-0.025409050091527205,0.7813306469188245,0.637423445978004,1.7291284415206083e-06,0.5628856386018415,0.5628856386018415,0.5628856386018415,0.5628856386018415
111,30s,MN,50mM 2DG_1h_yes_A_MN_0_6_0020,0.20115773145912708,0.7535336974825935,3.7459842682492313,1.225239023773171,[9.23852449e-05 4.66570416e-05],[4.66570416e-05 2.66567236e-05],0.24646630251740653,0.0009591088999531164,0.9923317790881713,-0.01710153168956917,0.950377918138268,0.911223745708303,1.3812753108950599e-13,0.20115773145912708,0.20115773145912708,0.20115773145912708,0.20115773145912708
111,30s,MN,50mM 2DG_1h_yes_A_MN_0_6_0024,1.4254426457809166e-05,-152.91387782609135,-10727466.185938248,10797619.832804352,[6.24210733e-03 6.73961145e+04],[6.73961145e+04 7.27676731e+11],153.91387782609135,0.006171778864691299,0.3591339708661502,-0.003673507161730853,1.0120839001945856,0.4609309532972732,0.0001905285948977467,0.0,0.0,0.0,0.0
111,30s,MN,50mM 2DG_1h_yes_A_MN_0_6_0025,2.1039401904021144e-05,-163.87684453115887,-7789044.825453807,7836574.693677336,[3.62379979e-03 2.83953137e+04],[2.83953137e+04 2.22499556e+11],164.87684453115887,0.003222698880287233,0.6605476541734814,-0.004518361948600697,1.0085730376168294,0.7129397681731137,1.1214155871150423e-07,0.0,0.0,0.0,0.0
111,30s,MN,50mM 2DG_1h_yes_A_MN_0_6_0027,0.7432103080464234,0.43782653842702646,0.5891018110040508,0.7564123579645754,[1.97373757e-04 1.46981375e-05],[1.46981375e-05 3.70810752e-06],0.5621734615729735,0.0027246336795201235,0.997379319756072,-0.02789111882573675,0.6774834119886917,0.538624978751968,2.9749292053577004e-05,0.7432103080464234,0.7432103080464234,0.7432103080464234,0.7432103080464234
111,30s,MN,50mM 2DG_1h_yes_A_MN_0_6_0029,1.7707251180102357e-05,-74.65233556098471,-4215918.936354817,4272392.975709029,[1.58444440e-02 6.76883834e+04],[6.76883834e+04 2.89168699e+11],75.65233556098471,0.00428534040952175,0.31965254123412845,-0.003760038538655406,1.0197674753716326,0.7332683649333841,4.7584023052641114e-08,0.0,0.0,0.0,0.0
111,30s,MN,50mM 2DG_1h_yes_A_MN_0_6_0031,0.24799902242469818,0.5515749559567781,2.224101331384308,1.808172627694049,[3.75876429e-05 2.33358934e-05],[2.33358934e-05 1.77151698e-05],0.4484250440432219,0.0014448431059196352,0.9973930150298805,-0.031758005895656596,0.8889736989369627,0.8743532520350359,7.643434170776477e-12,0.24799902242469818,0.24799902242469818,0.24799902242469818,0.24799902242469818
111,30s,MN,50mM 2DG_1h_yes_A_MN_0_6_0033,0.4212464541951306,0.9147609456360639,2.1715576155623295,0.20234960678019495,[0.0032621 0.0001285],[1.28495481e-04 9.07399000e-06],0.08523905436393608,0.001696890780882803,0.8777091149549143,-0.005055501246278551,0.9624764765083705,0.6313975732251651,2.098824393003632e-06,0.4212464541951306,0.4212464541951306,0.4212464541951306,0.4212464541951306
111,30s,MN,50mM 2DG_1h_yes_A_MN_0_6_0037,0.6974835227506357,0.41617810250897047,0.5966852103798909,0.8370404152181778,[6.01664296e-05 5.34734091e-06],[5.34734091e-06 1.49460240e-06],0.5838218974910295,0.001066272572860331,0.9991021088583497,-0.029582199602368124,0.6731907382390783,0.5392287534989124,2.9290356847795544e-05,0.6974835227506357,0.6974835227506357,0.6974835227506357,0.6974835227506357
111,30s,MN,50mM 2DG_1h_yes_A_MN_0_7_0002,0.4546615051403618,0.40538138752403274,0.8916114140758069,1.3078270444127402,[1.83879914e-04 4.27627366e-05],[4.27627366e-05 1.92607435e-05],0.5946186124759673,0.007346426295176293,0.9937521220752434,-0.036931553123998054,0.742837484269963,0.7207010528574281,8.142686082328589e-08,0.4546615051403618,0.4546615051403618,0.4546615051403618,0.4546615051403618
111,30s,MN,50mM 2DG_1h_yes_A_MN_0_7_0003,0.23653389428778362,0.6120468676637347,2.5875651754123483,1.640158732871723,[1.20930753e-04 7.11379707e-05],[7.11379707e-05 5.01226868e-05],0.38795313233626527,0.0033137630551973705,0.9914991586396023,-0.027687818379913666,0.9104588046067894,0.8736945863482041,8.119901725361706e-12,0.23653389428778362,0.23653389428778362,0.23653389428778362,0.23653389428778362
111,30s,MN,50mM 2DG_1h_yes_A_MN_0_7_0004,0.5324250539807207,1.0522986255723796,1.976425823136572,0.09822720621684602,[ 0.02854964 -0.00041236],[-4.12362187e-04  1.36969957e-05],0.05229862557237963,0.003210534845366613,0.5377335158747594,0.0034670912015341677,1.0228872216658262,0.5373627027732804,3.0730219405804525e-05,0.0,0.0,0.0,0.0
111,30s,MN,50mM 2DG_1h_yes_A_MN_0_7_0007,0.6316564298406566,0.41602974865659553,0.6586329672311645,0.9245061456759307,[0.00220218 0.00024348],[2.43479686e-04 7.53765399e-05],0.5839702513434044,0.04792705564118571,0.963331140061366,-0.02923258654074227,0.6790946856691089,0.4625931349631726,0.00018359794256066553,0.6316564298406566,0.6316564298406566,0.6316564298406566,0.6316564298406566
111,30s,MN,50mM 2DG_1h_yes_A_MN_0_7_0010,0.17999175803217993,0.6164962732241068,3.4251361282547514,2.13067382067199,[1.02334178e-04 9.79809057e-05],[9.79809057e-05 1.03108082e-04],0.3835037267758932,0.0028961830508925364,0.9913914420216406,-0.026687496284177516,0.9364442021764453,0.9124652200248476,1.1740162580269794e-13,0.17999175803217993,0.17999175803217993,0.17999175803217993,0.17999175803217993
111,30s,MN,50mM 2DG_1h_yes_A_MN_0_7_0011,0.14376212465391228,0.8262827244572765,5.747568954246047,1.2083660836324186,[0.00065828 0.00041647],[0.00041647 0.00027831],0.17371727554272354,0.0030853235159220265,0.9465690322134045,-0.011916041289796534,0.9824822937571585,0.8806756294958605,4.207353238534224e-12,0.14376212465391228,0.14376212465391228,0.14376212465391228,0.14376212465391228
111,30s,MN,50mM 2DG_1h_yes_A_MN_0_7_0017,0.09374150316439352,0.8552082874266314,9.123048581020312,1.5445849243472114,[0.00043067 0.00043385],[0.00043385 0.00044567],0.14479171257336865,0.0010535762001976886,0.9568910690193673,-0.008084538207882174,0.991205045041201,0.9311968499087524,7.295532310034952e-15,0.09374150316439352,0.09374150316439352,0.09374150316439352,0.09374150316439352
111,30s,MN,50mM 2DG_1h_yes_A_MN_0_8_0004,0.8275879307577504,0.3982996497313265,0.4812777409243246,0.7270530754571889,[6.89172292e-04 4.34603748e-05],[4.34603748e-05 1.05242735e-05],0.6017003502686735,0.008640072214728116,0.9926483686362931,-0.028420266725719887,0.6393746573468959,0.5164129525616314,5.2030385548828e-05,0.8275879307577504,0.8275879307577504,0.8275879307577504,0.8275879307577504
111,30s,MN,50mM 2DG_1h_yes_A_MN_0_8_0005,0.7260291913679288,0.40902949198410504,0.5633788514941706,0.813976235449202,[4.16075520e-04 3.42815347e-05],[3.42815347e-05 9.31049657e-06],0.5909705080158949,0.0068663213086988285,0.9943130570125728,-0.029639434183881354,0.6647168842977231,0.5343745802228606,3.317216363412095e-05,0.7260291913679288,0.7260291913679288,0.7260291913679288,0.7260291913679288
111,30s,MN,50mM 2DG_1h_yes_A_MN_0_8_0006,0.5055423391008548,0.34966388234793255,0.6916609259074842,1.2864127637830283,[2.82431128e-05 5.68770523e-06],[5.68770523e-06 2.48611132e-06],0.6503361176520674,0.0013570881133840404,0.9992160447733559,-0.03853953635899167,0.6972486216225319,0.6604520096692048,8.003035846633795e-07,0.5055423391008548,0.5055423391008548,0.5055423391008548,0.5055423391008548
111,30s,MN,50mM 2DG_1h_yes_A_MN_0_8_0008,0.5626323769104531,0.4972845124503863,0.8838533523098914,0.8935061474957109,[5.63147380e-04 6.92077018e-05],[6.92077018e-05 2.08258608e-05],0.5027154875496137,0.010064919434207566,0.9863171061957199,-0.028785052323050894,0.7506078310605523,0.6781116983396352,4.2795791995556354e-07,0.5626323769104531,0.5626323769104531,0.5626323769104531,0.5626323769104531
111,30s,MN,50mM 2DG_1h_yes_A_MN_0_8_0011,0.3455318744598477,0.4291779285074206,1.2420791256330042,1.6520098829808867,[9.40718761e-05 3.79624722e-05],[3.79624722e-05 2.30187351e-05],0.5708220714925794,0.004871193766038059,0.995321276396018,-0.03852535313355122,0.8019054648016972,0.7973123689277646,1.9486693350515326e-09,0.3455318744598477,0.3455318744598477,0.3455318744598477,0.3455318744598477
111,30s,MN,10mM 2DG_1h_yes_A_MN_2_1_0004,0.8886647548338598,0.30965144831779523,0.3484457402338254,0.7768380009751471,[2.38529727e-04 1.47931442e-05],[1.47931442e-05 3.82478677e-06],0.6903485516822048,0.0036150161497472064,0.9978736959382317,-0.030167094522199255,0.5676778281680821,0.4452306231484083,0.00026900880263450833,0.8886647548338598,0.8886647548338598,0.8886647548338598,0.8886647548338598
111,30s,MN,10mM 2DG_1h_yes_A_MN_2_1_0007,0.9937024940081935,0.36731070779863134,0.36963850852084373,0.6366989073856062,[1.97241392e-03 8.81602595e-05],[8.81602595e-05 1.86598954e-05],0.6326892922013687,0.019039854658875623,0.9864928650560957,-0.028192472676816273,0.6010967689080271,0.47979924082376,0.0001243215960833463,0.9937024940081935,0.9937024940081935,0.9937024940081935,0.9937024940081935
111,30s,MN,10mM 2DG_1h_yes_A_MN_2_1_0009,0.8048610544547166,0.27910814095226905,0.34677804250494065,0.8956724332203231,[1.37429691e-04 1.10307000e-05],[1.10307000e-05 3.29169405e-06],0.7208918590477309,0.003773645002460521,0.9984719527919694,-0.034115778364564434,0.5708532721339259,0.502762538802222,7.24963996456077e-05,0.8048610544547166,0.8048610544547166,0.8048610544547166,0.8048610544547166
111,30s,MN,10mM 2DG_1h_yes_A_MN_2_1_0011,0.6517579084794107,0.3207069336626157,0.4920645066062086,1.042247523965171,[8.75159469e-05 1.05047085e-05],[1.05047085e-05 3.66236238e-06],0.6792930663373843,0.0023236731124041455,0.9985386525665738,-0.03574700300031681,0.633754659133337,0.5521846717612997,2.0882652757632548e-05,0.6517579084794107,0.6517579084794107,0.6517579084794107,0.6517579084794107
111,30s,MN,10mM 2DG_1h_yes_A_MN_2_1_0017,0.32623256028714614,0.4744101657598623,1.454208511076552,1.6110894442219978,[1.27745330e-04 5.35436479e-05],[5.35436479e-05 3.22739571e-05],0.5255898342401377,0.005939428964337726,0.9933406547963979,-0.03612456983163674,0.8286332190423321,0.8043649011511436,1.2916156159266997e-09,0.32623256028714614,0.32623256028714614,0.32623256028714614,0.32623256028714614
111,30s,MN,10mM 2DG_1h_yes_A_MN_2_2_0001,2.3340130402295856,1.1727020403666042,0.5024402264056121,0.07399360560111366,[ 1.14320715 -0.00228675],[-2.28674521e-03  5.30190488e-05],0.1727020403666042,0.02207765198193939,0.5734127974498655,0.0028038053577562777,1.1453263444634192,0.0421561951305158,0.3248289213483254,,,,
111,30s,MN,10mM 2DG_1h_yes_A_MN_2_2_0005,0.7110647486148518,0.5319086205539103,0.7480452681560489,0.6582964214692513,[1.77752942e-04 1.21417902e-05],[1.21417902e-05 2.66792252e-06],0.4680913794460897,0.0014816357533203358,0.9973857149999243,-0.023555034724586525,0.7355383729683069,0.549666642075413,2.2318051884107964e-05,0.7110647486148518,0.7110647486148518,0.7110647486148518,0.7110647486148518
111,30s,MN,10mM 2DG_1h_yes_A_MN_2_2_0008,1.019456054680793,0.3830623659345571,0.3757517199252887,0.6051635391567863,[9.96650432e-04 4.11218216e-05],[4.11218216e-05 8.27012702e-06],0.6169376340654429,0.008042130712768634,0.9934449408415378,-0.026001519309802264,0.6006488709152893,0.441941452651992,0.0002888424997249771,1.019456054680793,1.019456054680793,1.019456054680793,1.019456054680793
111,30s,MN,10mM 2DG_1h_yes_A_MN_2_2_0010,0.84426989261604,0.3874681826654162,0.4589387659730635,0.7255165945058201,[1.45017347e-04 8.91538270e-06],[8.91538270e-06 2.15391444e-06],0.6125318173345837,0.0018298566517310924,0.9985244614865214,-0.027966233734561866,0.6261192523868313,0.484812823551573,0.00011072284029523114,0.84426989261604,0.84426989261604,0.84426989261604,0.84426989261604
111,30s,MN,10mM 2DG_1h_yes_A_MN_2_2_0011,0.8660802813340797,0.38487369488191503,0.4443857032388142,0.710241669710533,[2.16115836e-04 1.26258670e-05],[1.26258670e-05 2.98535177e-06],0.615126305118085,0.002564646805758491,0.9979480623713155,-0.02788428734735049,0.6221249616173874,0.47680528830436053,0.00013316082455309286,0.8660802813340797,0.8660802813340797,0.8660802813340797,0.8660802813340797
111,30s,MN,10mM 2DG_1h_yes_A_MN_2_2_0012,2.611369844891018e-05,-7.874050352749001,-301529.4967947221,339823.5745928723,[5.85708492e-01 1.99013008e+05],[1.99013008e+05 6.76209715e+10],8.874050352749002,0.0014956579288286996,0.03666945641617225,-0.001148822202850492,1.007489609594566,0.2765586697656733,0.006933143482617352,0.0,0.0,0.0,0.0
111,30s,MN,10mM 2DG_1h_yes_A_MN_2_2_0015,0.8103690226540764,0.3883875627053052,0.4792724695142954,0.7547332390514818,[2.22878446e-04 1.49540438e-05],[1.49540438e-05 3.75997887e-06],0.6116124372946947,0.0030122960448596,0.997583148026384,-0.028328964908844543,0.6319959325071337,0.4780492620961722,0.00012942002235065837,0.8103690226540764,0.8103690226540764,0.8103690226540764,0.8103690226540764
111,30s,MN,10mM 2DG_1h_yes_A_MN_2_3_0001,0.5552017018048384,0.32436422694957884,0.5842277246181743,1.2169194922387272,[5.31610619e-04 9.04233686e-05],[9.04233686e-05 3.70918911e-05],0.6756357730504212,0.01147548698952814,0.9865081337791668,-0.03698248777713382,0.6553871254208555,0.6286335041860441,2.291559995848498e-06,0.5552017018048384,0.5552017018048384,0.5552017018048384,0.5552017018048384
111,30s,MN,10mM 2DG_1h_yes_A_MN_2_3_0007,0.8689832731546973,0.4533448363452327,0.5216956992732906,0.6290744373826989,[1.11751984e-03 5.76017804e-05],[5.76017804e-05 1.20628930e-05],0.5466551636547673,0.008001854122605258,0.9886083183333092,-0.024320633457063052,0.6598161332905529,0.49745350076337225,8.229051224948588e-05,0.8689832731546973,0.8689832731546973,0.8689832731546973,0.8689832731546973
111,30s,MN,10mM 2DG_1h_yes_A_MN_2_3_0010,0.5337193203676835,0.28951656869491676,0.54245098059307,1.331193015114434,[2.87902698e-04 5.61897676e-05],[5.61897676e-05 2.52886629e-05],0.7104834313050832,0.008710795076883405,0.9921090416422871,-0.03995952918497565,0.6480495315236813,0.6581007133607275,8.677786119618223e-07,0.5337193203676835,0.5337193203676835,0.5337193203676835,0.5337193203676835
111,30s,MN,10mM 2DG_1h_yes_A_MN_2_3_0012,0.4626292300008931,0.5557739776867827,1.2013377920061596,0.9602203957418767,[4.3767933e-04 7.3196778e-05],[7.31967780e-05 2.41435134e-05],0.4442260223132173,0.006602771370113333,0.9849956715075607,-0.026824801468809587,0.8011344623554505,0.7103301634674389,1.2464566182157543e-07,0.4626292300008931,0.4626292300008931,0.4626292300008931,0.4626292300008931
111,30s,MN,10mM 2DG_1h_yes_A_MN_2_3_0014,0.589764110601449,0.49046977021173827,0.8316371942530565,0.863955979397655,[3.66395232e-04 4.11267857e-05],[4.11267857e-05 1.19338718e-05],0.5095302297882618,0.005294503883547899,0.9918247270210175,-0.027635557315424324,0.7347765197068383,0.6209089181099747,2.9196098603788395e-06,0.589764110601449,0.589764110601449,0.589764110601449,0.589764110601449
111,30s,MN,10mM 2DG_1h_yes_A_MN_2_3_0018,0.40570186463054975,0.4540508601811965,1.1191737080002713,1.3456904870673176,[1.08157632e-04 2.96093006e-05],[2.96093006e-05 1.40133383e-05],0.5459491398188034,0.004170157914443105,0.9957512384835818,-0.03513303444107542,0.783158247850437,0.7304433623060598,5.380611462294471e-08,0.40570186463054975,0.40570186463054975,0.40570186463054975,0.40570186463054975
111,30s,MN,10mM 2DG_1h_yes_A_MN_2_3_0020,0.6413094138617759,0.28134277344438136,0.43870052015955646,1.1206091958452271,[1.30109360e-04 1.71210723e-05],[1.71210723e-05 6.42122758e-06],0.7186572265556186,0.003544267972951786,0.9976235491477484,-0.03708660394750576,0.608004225707312,0.5589424158620092,1.7439584155843696e-05,0.6413094138617759,0.6413094138617759,0.6413094138617759,0.6413094138617759
111,30s,MN,10mM 2DG_1h_yes_A_MN_2_4_0008,0.2533438571964092,0.39952924916807225,1.5770236294236664,2.370180818579716,[1.44104666e-05 1.14942262e-05],[1.14942262e-05 1.13226641e-05],0.6004707508319278,0.001291115292897146,0.9990090516552181,-0.042304733622839895,0.846429622683701,0.8706974152152639,1.065026859307062e-11,0.2533438571964092,0.2533438571964092,0.2533438571964092,0.2533438571964092
111,30s,MN,10mM 2DG_1h_yes_A_MN_2_4_0013,0.6549637108928318,0.5857577228078217,0.8943361488063666,0.6324659981962857,[5.04128572e-04 3.65042539e-05],[3.65042539e-05 7.72186270e-06],0.4142422771921783,0.0035142816088236336,0.9909069915608107,-0.02177651355459464,0.774858582295815,0.6022557637355553,5.141174999907329e-06,0.6549637108928318,0.6549637108928318,0.6549637108928318,0.6549637108928318
111,30s,MN,10mM 2DG_1h_yes_A_MN_2_4_0019,0.89787140746646,0.42403440752426336,0.47226630004932324,0.6414789330478283,[9.86841941e-04 4.99381287e-05],[4.99381287e-05 1.06607123e-05],0.5759655924757366,0.008841905545327511,0.9914925822326446,-0.026421629728930116,0.6463730080428429,0.48765267170630644,0.0001036427787387317,0.89787140746646,0.89787140746646,0.89787140746646,0.89787140746646
111,30s,MN,10mM 2DG_1h_yes_A_MN_2_4_0021,0.470442084469494,0.34536703232308597,0.7341329437236634,1.391527223622282,[7.13440699e-05 1.69474089e-05],[1.69474089e-05 8.08194296e-06],0.654632967676914,0.004036362328873692,0.9977656279544428,-0.04023561916512487,0.7114409958397971,0.6943045045066057,2.3390721454780065e-07,0.470442084469494,0.470442084469494,0.470442084469494,0.470442084469494
111,30s,MN,10mM 2DG_1h_yes_A_MN_2_5_0005,0.28343211346012936,0.4313067258166582,1.5217285033487586,2.0064532111084876,[2.95284414e-05 1.78619981e-05],[1.78619981e-05 1.41627184e-05],0.5686932741833418,0.0021306906681642502,0.9981592408871842,-0.03958175885906073,0.8354963314029242,0.8457305532178019,8.219444521135098e-11,0.28343211346012936,0.28343211346012936,0.28343211346012936,0.28343211346012936
111,30s,MN,10mM 2DG_1h_yes_A_MN_2_5_0011,0.9207385378541943,0.35934908858754205,0.3902835319840252,0.6958011260238025,[1.76829670e-04 9.42798424e-06],[9.42798424e-06 2.18255634e-06],0.6406509114124579,0.0019371173795072374,0.9985291338777236,-0.027447260455994216,0.5933386599194391,0.43880497669549307,0.0003090069104367393,0.9207385378541943,0.9207385378541943,0.9207385378541943,0.9207385378541943
111,30s,MN,10mM 2DG_1h_yes_A_MN_2_5_0013,0.9735162526608401,0.43527172370779593,0.44711295011059127,0.5800912668367622,[1.48199040e-03 6.17851603e-05],[6.17851603e-05 1.19174931e-05],0.5647282762922041,0.008948365396458753,0.9898745669355318,-0.024151522908405307,0.6397140440667419,0.41712594398850966,0.00048819551145722496,0.9735162526608401,0.9735162526608401,0.9735162526608401,0.9735162526608401
111,30s,MN,10mM 2DG_1h_yes_A_MN_2_5_0014,0.8130328099861555,0.28966727935980396,0.3562799382779355,0.8736827246274252,[1.21754627e-04 9.42029940e-06],[9.42029940e-06 2.74179924e-06],0.710332720640196,0.00307897679057664,0.998665542537342,-0.03312543062081703,0.5733234298235994,0.4939520758812826,8.940256495937718e-05,0.8130328099861555,0.8130328099861555,0.8130328099861555,0.8130328099861555
111,30s,MN,10mM 2DG_1h_yes_A_MN_2_6_0004,0.4718315355937246,0.3622632773248442,0.7677809768882738,1.3516195391066137,[4.27827821e-05 9.83651470e-06],[9.83651470e-06 4.55453056e-06],0.6377367226751558,0.0022469306613604094,0.9986629617239237,-0.038934853593588316,0.7169527968385897,0.6875131722131693,3.0247526790994815e-07,0.4718315355937246,0.4718315355937246,0.4718315355937246,0.4718315355937246
111,30s,MN,10mM 2DG_1h_yes_A_MN_2_6_0005,0.9692311605209065,0.3954890476667285,0.4080440907968494,0.6237015244210486,[1.98006946e-03 8.92063542e-05],[8.92063542e-05 1.85011331e-05],0.6045109523332715,0.017241247070995558,0.9862193410601237,-0.02415406351221603,0.6041297842511127,0.3665044017138342,0.0013429902812981185,0.9692311605209065,0.9692311605209065,0.9692311605209065,0.9692311605209065
111,30s,MN,10mM 2DG_1h_yes_A_MN_2_6_0006,0.680261517415736,0.49330410179081347,0.7251683200673174,0.7448545673053611,[0.00157896 0.00012867],[1.28666326e-04 3.20205350e-05],0.5066958982091865,0.019292151726293155,0.9756229014730897,-0.025926905132277914,0.7192175118108861,0.5351513789751274,3.252073320905472e-05,0.680261517415736,0.680261517415736,0.680261517415736,0.680261517415736
111,30s,MN,10mM 2DG_1h_yes_A_MN_2_6_0007,0.4729072121493855,0.4146241289270648,0.8767557742301679,1.2378239452352067,[1.74284862e-04 3.65973747e-05],[3.65973747e-05 1.55140259e-05],0.5853758710729352,0.0064205939604917266,0.99440245885222,-0.035760442793546815,0.7392244442838571,0.7105735287068891,1.234277500344357e-07,0.4729072121493855,0.4729072121493855,0.4729072121493855,0.4729072121493855
111,30s,MN,10mM 2DG_1h_yes_A_MN_2_6_0008,0.17703418460073356,0.7022774220077052,3.9669029096925907,1.6817236663289108,[7.41189893e-05 5.67030370e-05],[5.67030370e-05 4.75011875e-05],0.29772257799229485,0.0011698058725750486,0.9936798478410792,-0.02067713495159466,0.9517882564569765,0.9205706690725962,3.824913340371248e-14,0.17703418460073356,0.17703418460073356,0.17703418460073356,0.17703418460073356
111,30s,MN,10mM 2DG_1h_yes_A_MN_2_6_0009,0.23562651969959073,0.9287630046613187,3.941674332097398,0.30233012578339696,[0.00410318 0.00044647],[4.46471220e-04 5.80955294e-05],0.07123699533868133,0.002897425504853447,0.8124935362945664,-0.005558762985361474,0.9875658369853131,0.6774833702317095,4.37844625887295e-07,0.23562651969959073,0.23562651969959073,0.23562651969959073,0.23562651969959073
111,30s,MN,10mM 2DG_1h_yes_A_MN_2_6_0012,0.5835587116891556,0.38931627993456847,0.6671415782786663,1.0464820554178011,[8.26710584e-05 1.13847934e-05],[1.13847934e-05 4.00373526e-06],0.6106837200654316,0.002540432560597573,0.9982202362701822,-0.03376776770328406,0.688286787855925,0.6079378555469251,4.339122323301328e-06,0.5835587116891556,0.5835587116891556,0.5835587116891556,0.5835587116891556
111,30s,MN,10mM 2DG_1h_yes_A_MN_2_6_0013,0.2640615137759238,0.5205021360903633,1.9711397115296736,1.815856680714657,[7.28365189e-05 4.27739763e-05],[4.27739763e-05 3.16670306e-05],0.47949786390963667,0.0032622346572406197,0.9952509492208761,-0.03369076038707857,0.8720974113528241,0.847347250341001,7.275282725347808e-11,0.2640615137759238,0.2640615137759238,0.2640615137759238,0.2640615137759238
111,30s,MN,10mM 2DG_1h_yes_A_MN_2_7_0004,0.5786502911925642,0.28816873336057575,0.4980015352047555,1.2301579684205841,[3.45042075e-05 5.64301597e-06],[5.64301597e-06 2.33391038e-06],0.7118312666394242,0.0016987196438257015,0.9992424210633167,-0.039417275421537175,0.6377381628832464,0.6100880525940804,4.066862731191854e-06,0.5786502911925642,0.5786502911925642,0.5786502911925642,0.5786502911925642
111,30s,MN,10mM 2DG_1h_yes_A_MN_2_7_0009,0.5574165760250998,0.5188610784930976,0.9308318066051448,0.863158618170044,[6.67673786e-04 8.01653548e-05],[8.01653548e-05 2.33182444e-05],0.4811389215069024,0.010308259472117366,0.9853286677840706,-0.02752856890452213,0.7640261203662856,0.5998974143046247,5.512373164608526e-06,0.5574165760250998,0.5574165760250998,0.5574165760250998,0.5574165760250998
111,30s,MN,10mM 2DG_1h_yes_A_MN_2_7_0011,0.7189929307913536,0.42846558044774674,0.5959246080154914,0.794909650812837,[1.61641999e-04 1.31577132e-05],[1.31577132e-05 3.49040232e-06],0.5715344195522533,0.0025711834891434717,0.9977281189082207,-0.028399451745746266,0.6746793265241631,0.5264620663707692,4.052729030895197e-05,0.7189929307913536,0.7189929307913536,0.7189929307913536,0.7189929307913536
111,30s,MN,10mM 2DG_1h_yes_A_MN_2_7_0014,0.6648026888111747,0.3059589420118018,0.46022518735435497,1.0439805218437197,[5.19205663e-05 6.09566526e-06],[6.09566526e-06 2.12748919e-06],0.6940410579881982,0.0014665609092202835,0.9991460637420857,-0.03586505476300246,0.6195723748844754,0.549987285850426,2.2130357968069852e-05,0.6648026888111747,0.6648026888111747,0.6648026888111747,0.6648026888111747
111,30s,MN,10mM 2DG_1h_yes_A_MN_2_7_0018,0.9789601951459292,0.3505655252129495,0.35809987673777915,0.6633921154375865,[4.20046339e-04 1.98991956e-05],[1.98991956e-05 4.38917564e-06],0.6494344747870505,0.004386779362743246,0.9969472041289807,-0.027033502970030557,0.5796035686717632,0.4267440305645795,0.0003993051696308992,0.9789601951459292,0.9789601951459292,0.9789601951459292,0.9789601951459292
111,30s,MN,10mM 2DG_1h_yes_A_MN_2_8_0004,0.4240651527262018,0.38692181319548513,0.9124112431971076,1.4457169679309856,[8.28637468e-05 2.31379555e-05],[2.31379555e-05 1.16589028e-05],0.6130781868045149,0.004243694756737334,0.996840029338974,-0.03886463342059333,0.7469751106965579,0.7423661007503953,3.174929782098476e-08,0.4240651527262018,0.4240651527262018,0.4240651527262018,0.4240651527262018
111,30s,MN,10mM 2DG_1h_yes_A_MN_2_8_0005,0.41933519289237703,0.38444902438842193,0.9168060084265127,1.4679210952121542,[4.50279998e-05 1.29359121e-05],[1.29359121e-05 6.63277349e-06],0.615550975611578,0.002453602133052918,0.9983246626902771,-0.039475673180685615,0.7511402439651909,0.7268926722094482,6.268144733033056e-08,0.41933519289237703,0.41933519289237703,0.41933519289237703,0.41933519289237703
111,30s,MN,10mM 2DG_1h_yes_A_MN_2_8_0008,0.6842942405869563,0.38936296236882056,0.5689993270071114,0.8923603347989644,[3.43222355e-04 3.32709640e-05],[3.3270964e-05 9.9182610e-06],0.6106370376311794,0.005840586302918685,0.994834790315719,-0.031575065482652695,0.6639146870375918,0.5404368711722081,2.8391558214852868e-05,0.6842942405869563,0.6842942405869563,0.6842942405869563,0.6842942405869563
111,30s,MN,10mM 2DG_1h_yes_A_MN_2_8_0012,0.8805989912757636,0.3942108665984369,0.4476621827914268,0.6879284889072255,[6.20915914e-04 3.44632625e-05],[3.44632625e-05 7.89142594e-06],0.605789133401563,0.006581628173088138,0.9942954084822743,-0.026996419708756873,0.6240175057835802,0.46586890398367437,0.0001706159351030347,0.8805989912757636,0.8805989912757636,0.8805989912757636,0.8805989912757636
111,30s,MN,10mM 2DG_1h_yes_A_MN_2_8_0015,0.7619403942457611,0.26310371157744333,0.34530747229629116,0.9671311482993425,[6.01222971e-05 5.55822593e-06],[5.55822593e-06 1.79222139e-06],0.7368962884225567,0.0020096920174292243,0.9992570459500865,-0.03500594863230669,0.56652325198962,0.48940042970562153,9.949554845514096e-05,0.7619403942457611,0.7619403942457611,0.7619403942457611,0.7619403942457611
111,30s,MN,6mM 2DG_1h_yes_A_MN_4_1_0008,0.7859549162299889,0.4426407413480618,0.5631884631134932,0.7091491472888017,[2.05278589e-04 1.34151023e-05],[1.34151023e-05 3.17046351e-06],0.5573592586519382,0.0020408094136687748,0.997539097635113,-0.02576458304031714,0.6653923234667058,0.4865585659394021,0.00010631951258138422,0.7859549162299889,0.7859549162299889,0.7859549162299889,0.7859549162299889
111,30s,MN,6mM 2DG_1h_yes_A_MN_4_1_0009,0.9459706079050404,0.3314438242605249,0.3503743366768498,0.7067409601869861,[2.73620207e-04 1.43635337e-05],[1.43635337e-05 3.37645819e-06],0.6685561757394751,0.003442509428242626,0.9978256944636261,-0.02831797780175533,0.5718280579231771,0.44050021923109944,0.0002979520531064685,0.9459706079050404,0.9459706079050404,0.9459706079050404,0.9459706079050404
111,30s,MN,6mM 2DG_1h_yes_A_MN_4_1_0010,0.6126708402074901,0.3116049303646141,0.5086008830762772,1.1235969209865622,[9.06484922e-05 1.26373848e-05],[1.26373848e-05 4.76052198e-06],0.6883950696353859,0.0032914243742383584,0.998251327172638,-0.03683757878614181,0.637264424542205,0.5702993247306917,1.2806410236673524e-05,0.6126708402074901,0.6126708402074901,0.6126708402074901,0.6126708402074901
111,30s,MN,6mM 2DG_1h_yes_A_MN_4_1_0011,0.7430568708837305,0.49967233840160363,0.672455040766038,0.673336969488416,[2.22286898e-04 1.47389634e-05],[1.47389634e-05 3.31003217e-06],0.5003276615983964,0.002065684894611699,0.9970419002440009,-0.024379821882484873,0.71028095274803,0.5204705534702591,4.706528119794619e-05,0.7430568708837305,0.7430568708837305,0.7430568708837305,0.7430568708837305
111,30s,MN,6mM 2DG_1h_yes_A_MN_4_2_0001,0.8177478221027858,0.4639473611040425,0.56734771840912,0.6555231630180716,[8.06361009e-04 4.64942578e-05],[4.64942578e-05 1.01525831e-05],0.5360526388959574,0.006781381774521948,0.9914796324282446,-0.024607346220422845,0.67565752615351,0.46839233030402677,0.00016119942164018766,0.8177478221027858,0.8177478221027858,0.8177478221027858,0.8177478221027858
111,30s,MN,6mM 2DG_1h_yes_A_MN_4_2_0004,0.8543530158155146,0.3832784977015571,0.4486184172191424,0.7218579332920798,[4.98185618e-04 3.00540932e-05],[3.00540932e-05 7.22343003e-06],0.6167215022984429,0.005534660231257189,0.9953357259679858,-0.028214538508602352,0.6242959870282898,0.46204829005070763,0.00018584364867626663,0.8543530158155146,0.8543530158155146,0.8543530158155146,0.8543530158155146
111,30s,MN,6mM 2DG_1h_yes_A_MN_4_2_0007,0.15089848235501876,0.7311748104394327,4.84547491153157,1.781496973098129,[0.00014294 0.00012931],[0.00012931 0.00012442],0.26882518956056733,0.001760602113871129,0.9863863372744054,-0.01771948703559439,0.9625613152823673,0.9416640471668131,1.0879433340736807e-15,0.15089848235501876,0.15089848235501876,0.15089848235501876,0.15089848235501876
111,30s,MN,6mM 2DG_1h_yes_A_MN_4_2_0008,0.9026689648657323,0.34384419685758943,0.38091948459614383,0.7269063507018995,[0.00360922 0.00020569],[2.05691463e-04 4.97557304e-05],0.6561558031424106,0.052366119480621975,0.9699468742580231,-0.029050711894646673,0.590550577264111,0.4449941664086037,0.00027039149273781207,0.9026689648657323,0.9026689648657323,0.9026689648657323,0.9026689648657323
111,30s,MN,6mM 2DG_1h_yes_A_MN_4_2_0009,0.4118955830382178,0.7979329780318726,1.9372214971235469,0.490578268593326,[0.00138638 0.00013593],[1.35933129e-04 2.33778424e-05],0.20206702196812742,0.004864865133711218,0.9487996931465349,-0.012785488735976406,0.9177787771176833,0.6810719695976837,3.8407335251462573e-07,0.4118955830382178,0.4118955830382178,0.4118955830382178,0.4118955830382178
111,30s,MN,6mM 2DG_1h_yes_A_MN_4_3_0005,0.873712160176848,0.5151969980701867,0.5896644473460295,0.5548772513726767,[0.00412008 0.00018614],[1.86141158e-04 3.43818475e-05],0.4848030019298133,0.023829032317186284,0.9640370208350172,-0.018813848489489835,0.6832856132267031,0.3287609087883365,0.002732518963234094,0.873712160176848,0.873712160176848,0.873712160176848,0.873712160176848
111,30s,MN,6mM 2DG_1h_yes_A_MN_4_3_0010,0.449623567004794,0.43728105283431973,0.972549227673507,1.25153347924861,[1.00120511e-04 2.25796277e-05],[2.25796277e-05 9.74922989e-06],0.5627189471656803,0.0035114334486692116,0.996482832742315,-0.034688349386455646,0.7558265077335067,0.7188576571534637,8.792675820099454e-08,0.449623567004794,0.449623567004794,0.449623567004794,0.449623567004794
111,30s,MN,6mM 2DG_1h_yes_A_MN_4_3_0012,0.7915897939613505,0.6503412931511189,0.8215635144771357,0.44171704778946813,[2.43466014e-03 9.82749902e-05],[9.82749902e-05 1.44657198e-05],0.3496587068488811,0.007420415418252401,0.9710182760155244,-0.016101673646128835,0.7890732606607952,0.4883157072483065,0.00010205105534607331,0.7915897939613505,0.7915897939613505,0.7915897939613505,0.7915897939613505
111,30s,MN,6mM 2DG_1h_yes_A_MN_4_3_0014,0.9755660059276091,0.2765652672908755,0.28349211187192364,0.7415538552117265,[3.23895214e-04 1.72203912e-05],[1.72203912e-05 4.24599888e-06],0.7234347327091245,0.00532113900888194,0.997614968848963,-0.030760282704520577,0.5356871047284735,0.4469179456644111,0.0002593302692281216,0.9755660059276091,0.9755660059276091,0.9755660059276091,0.9755660059276091
111,30s,MN,6mM 2DG_1h_yes_A_MN_4_3_0015,1.2592009929968162,0.7781023531272847,0.6179334017800064,0.1762209910147969,[0.017229   0.00016314],[1.63139922e-04 9.51727058e-06],0.2218976468727153,0.005047847115075443,0.9240756755481988,-0.008077554440062485,0.8445456167458433,0.39701162685674557,0.0007363354515368801,1.2592009929968162,1.2592009929968162,1.2592009929968162,1.2592009929968162
111,30s,MN,6mM 2DG_1h_yes_A_MN_4_3_0017,0.7178171486312812,0.2837056971713803,0.3952339362640533,0.9978785045668451,[2.90047810e-04 2.96962706e-05],[2.96962706e-05 9.88940364e-06],0.7162943028286197,0.010064756746631789,0.9957666898583836,-0.03631651913419729,0.5958592420853639,0.566853029124641,1.4075905933994688e-05,0.7178171486312812,0.7178171486312812,0.7178171486312812,0.7178171486312812
111,30s,MN,6mM 2DG_1h_yes_A_MN_4_3_0020,0.4310101022580174,0.3330667611210701,0.7727585951609203,1.5473726378684296,[8.77649883e-05 2.57314638e-05],[2.57314638e-05 1.38354766e-05],0.66693323887893,0.006105040727460329,0.996716610509788,-0.04201554939699835,0.721055681450667,0.7402353078167827,3.494875320816801e-08,0.4310101022580174,0.4310101022580174,0.4310101022580174,0.4310101022580174
111,30s,MN,6mM 2DG_1h_yes_A_MN_4_3_0021,0.770199842047818,0.32098901044765843,0.41676068070100925,0.881603646849599,[9.56999258e-05 7.96283962e-06],[7.96283962e-06 2.34016651e-06],0.6790109895523415,0.002120578700384903,0.9988290558862092,-0.032309762152393146,0.5998278544372118,0.49968840626919536,7.80277598932068e-05,0.770199842047818,0.770199842047818,0.770199842047818,0.770199842047818
111,30s,MN,6mM 2DG_1h_yes_A_MN_4_4_0005,2.273585674137373,0.7131354089650818,0.3136611112029699,0.1261727650284207,[4.74199481 0.01666425],[0.01666425 0.00066224],0.28686459103491824,0.450094383899612,0.25099747900790825,-0.005614958414059447,0.7654454198358971,0.02385614203615979,0.46101564165544284,,,,
111,30s,MN,6mM 2DG_1h_yes_A_MN_4_4_0010,4.634747750803817,0.904677548543546,0.19519456013256498,0.020566912501316165,[1.52580453e+03 3.40355621e-01],[0.34035562 0.00147053],0.09532245145645402,0.8435142926337101,0.00884054380956878,0.03360798047112733,0.7068383989747365,0.4767765702325342,0.00013324835042491061,,,,
111,30s,MN,6mM 2DG_1h_yes_A_MN_4_4_0011,1.1359504152150868,0.427358609912014,0.37621238056512857,0.5041077342971516,[9.91169072e-04 3.01359912e-05],[3.01359912e-05 5.04046114e-06],0.572641390087986,0.00466382704514677,0.9949322008120886,-0.022551127819493463,0.61528946797141,0.40399006525986664,0.0006393785726742737,1.1359504152150868,1.1359504152150868,1.1359504152150868,1.1359504152150868
111,30s,MN,6mM 2DG_1h_yes_A_MN_4_4_0012,0.6867828367611518,0.8393294281554028,1.2221176523770692,0.23394669063413848,[0.01210886 0.0003064 ],[3.06396284e-04 2.39437945e-05],0.1606705718445972,0.008862393779033063,0.8499204998038341,-0.007359108482969431,0.9059852038141291,0.35233264362978856,0.0017606080103936476,0.6867828367611518,0.6867828367611518,0.6867828367611518,0.6867828367611518
111,30s,MN,6mM 2DG_1h_yes_A_MN_4_4_0013,0.8377473525167328,0.26481211201721183,0.3161002075645743,0.8775770950205466,[5.98527633e-05 4.49132588e-06],[4.49132588e-06 1.31261113e-06],0.7351878879827882,0.0011950806924327976,0.9993730092401836,-0.03330595173039596,0.5499637041369082,0.481575602092156,0.00011933641039529366,0.8377473525167328,0.8377473525167328,0.8377473525167328,0.8377473525167328
111,30s,MN,6mM 2DG_1h_yes_A_MN_4_4_0014,0.8818500140310155,0.46071662892644955,0.5224432971548898,0.6115363865658264,[2.82817901e-04 1.39313767e-05],[1.39313767e-05 2.83573714e-06],0.5392833710735505,0.0021350284959278133,0.9973752224656431,-0.024086837159065764,0.6653814650564099,0.47450663946424054,0.00014033697535631155,0.8818500140310155,0.8818500140310155,0.8818500140310155,0.8818500140310155
111,30s,MN,6mM 2DG_1h_yes_A_MN_4_4_0015,0.7437150324427114,0.5354526015074772,0.7199701204758467,0.6246309113407722,[3.87879082e-04 2.38333172e-05],[2.38333172e-05 4.96517679e-06],0.4645473984925228,0.002913579455116853,0.994835481197921,-0.022435892663864934,0.729680853279229,0.5127106429061186,5.6977266307438267e-05,0.7437150324427114,0.7437150324427114,0.7437150324427114,0.7437150324427114
111,30s,MN,6mM 2DG_1h_yes_A_MN_4_4_0018,0.6216764727995239,0.4001412564178573,0.643648704632407,0.9649050106092453,[1.12836198e-04 1.32730816e-05],[1.32730816e-05 4.29123921e-06],0.5998587435821428,0.0025635888665966307,0.9977726346741783,-0.03214861006739582,0.6819309181568736,0.6055625667112597,4.659274247690064e-06,0.6216764727995239,0.6216764727995239,0.6216764727995239,0.6216764727995239
111,30s,MN,6mM 2DG_1h_yes_A_MN_4_4_0020,0.8466002738784545,0.42296963272760435,0.4996096100818527,0.6815853775110393,[8.57812528e-04 4.93842754e-05],[4.93842754e-05 1.12082462e-05],0.5770303672723957,0.008427370932276626,0.9910018718944831,-0.025963234009874922,0.6445642197041541,0.48892483409229937,0.00010060865245897474,0.8466002738784545,0.8466002738784545,0.8466002738784545,0.8466002738784545
111,30s,MN,6mM 2DG_1h_yes_A_MN_4_5_0005,0.5259016078157278,0.4207018338423978,0.7999630113125813,1.101533362036391,[2.63960541e-04 4.33970432e-05],[4.33970432e-05 1.61818762e-05],0.5792981661576022,0.008399774149550055,0.9932284734215625,-0.03392716402470879,0.7245015377855661,0.6472901231436935,1.2504778452745235e-06,0.5259016078157278,0.5259016078157278,0.5259016078157278,0.5259016078157278
111,30s,MN,6mM 2DG_1h_yes_A_MN_4_5_0006,0.8170622835539608,0.4050571095069029,0.49574814265692624,0.728148762301553,[1.10456605e-03 7.08142031e-05],[7.08142031e-05 1.71764621e-05],0.5949428904930971,0.012797227818939844,0.9879447177332706,-0.028098155463929873,0.6441418020742455,0.5109914404323193,5.941864274639817e-05,0.8170622835539608,0.8170622835539608,0.8170622835539608,0.8170622835539608
111,30s,MN,6mM 2DG_1h_yes_A_MN_4_5_0007,0.91244866592541,0.37248941603439567,0.4082305448456271,0.6877215205626719,[2.99666307e-04 1.59574776e-05],[1.59574776e-05 3.65155759e-06],0.6275105839656043,0.0030923027414900186,0.9974433255106205,-0.02683629460999506,0.6017631408917871,0.43779175277070215,0.00031579412925510786,0.91244866592541,0.91244866592541,0.91244866592541,0.91244866592541
111,30s,MN,6mM 2DG_1h_yes_A_MN_4_5_0024,0.9089908952754184,0.28395894755400575,0.3123892098698832,0.7877318201620033,[2.75719892e-04 1.68913973e-05],[1.68913973e-05 4.42753384e-06],0.7160410524459943,0.004314395186838766,0.9976991084468043,-0.031488839368812534,0.5516977183927098,0.4482322808383655,0.00025201536450235025,0.9089908952754184,0.9089908952754184,0.9089908952754184,0.9089908952754184
111,30s,MN,6mM 2DG_1h_yes_A_MN_4_5_0025,0.7919000712789842,0.30594011687848705,0.38633677148730194,0.8764488201150794,[2.99205021e-04 2.39527665e-05],[2.39527665e-05 6.99573009e-06],0.694059883121513,0.00675646835533039,0.9965182936346635,-0.03240105994842262,0.584989472069859,0.49107300320188424,9.567057278665595e-05,0.7919000712789842,0.7919000712789842,0.7919000712789842,0.7919000712789842
111,30s,MN,6mM 2DG_1h_yes_A_MN_4_5_0026,0.6607737917062902,0.25370560015008553,0.3839522743402875,1.1294249396950018,[3.43427671e-04 4.39390573e-05],[4.39390573e-05 1.65934480e-05],0.7462943998499145,0.010886467835176038,0.9944615007283493,-0.038076159995352146,0.589296583214697,0.5180672008395262,4.995063810420485e-05,0.6607737917062902,0.6607737917062902,0.6607737917062902,0.6607737917062902
111,30s,MN,6mM 2DG_1h_yes_A_MN_4_6_0004,0.6826090011231977,0.49982123656862154,0.732221866026073,0.7327456312594183,[4.82463171e-04 3.85166621e-05],[3.85166621e-05 9.42882408e-06],0.5001787634313785,0.004887479315235042,0.9928918680671018,-0.025871560229801936,0.7253599116289224,0.5262434522277275,4.075032515642494e-05,0.6826090011231977,0.6826090011231977,0.6826090011231977,0.6826090011231977
111,30s,MN,6mM 2DG_1h_yes_A_MN_4_6_0005,0.6951833758938011,0.3055244397897494,0.439487551607423,0.9989818288122319,[1.00617930e-04 1.07147954e-05],[1.07147954e-05 3.57449045e-06],0.6944755602102506,0.002516464283654134,0.9984924604508946,-0.0349346931987685,0.6100398298755196,0.5292665029643875,3.776409619489519e-05,0.6951833758938011,0.6951833758938011,0.6951833758938011,0.6951833758938011
111,30s,MN,6mM 2DG_1h_yes_A_MN_4_6_0008,1.016777759366119,0.48060025579190446,0.4726699137199077,0.5108291752289119,[1.21656795e-03 4.24982583e-05],[4.24982583e-05 7.21486565e-06],0.5193997442080955,0.005513941145888522,0.9923682722585888,-0.021859834693079474,0.664512828856985,0.41733067626489107,0.0004861263792011187,1.016777759366119,1.016777759366119,1.016777759366119,1.016777759366119
111,30s,MN,6mM 2DG_1h_yes_A_MN_4_6_0010,0.48368930155443696,0.4394813132899123,0.908602509663842,1.1588403648969359,[1.87282283e-04 3.58336127e-05],[3.58336127e-05 1.41800885e-05],0.5605186867100878,0.005620893506964328,0.9944209395168453,-0.034023192128682725,0.7478222481057848,0.6801590788473632,3.971450860002114e-07,0.48368930155443696,0.48368930155443696,0.48368930155443696,0.48368930155443696
111,30s,MN,6mM 2DG_1h_yes_A_MN_4_7_0008,0.7487924339458727,0.3821024869584133,0.510291597024916,0.8251919824903734,[5.03447486e-04 4.05388552e-05],[4.05388552e-05 1.11559734e-05],0.6178975130415867,0.009088658822149287,0.9933693640706704,-0.030031475689491792,0.6410358265122658,0.5224860131761926,4.4764827246872864e-05,0.7487924339458727,0.7487924339458727,0.7487924339458727,0.7487924339458727
111,30s,MN,6mM 2DG_1h_yes_A_MN_4_7_0014,0.5375945556717737,0.30910090443242183,0.574970302751991,1.2851675826668973,[1.56330356e-04 2.91992179e-05],[2.91992179e-05 1.26795718e-05],0.6908990955675782,0.00594291411127953,0.9962318716517692,-0.04027143280456415,0.6687701574680366,0.6313180891832249,2.1041522155774428e-06,0.5375945556717737,0.5375945556717737,0.5375945556717737,0.5375945556717737
111,30s,MN,6mM 2DG_1h_yes_A_MN_4_7_0015,0.553816522475498,0.3617776338541494,0.6532445659747452,1.1524075939321348,[8.63846531e-05 1.39566554e-05],[1.39566554e-05 5.42249317e-06],0.6382223661458506,0.0026196031486531053,0.9980032761646709,-0.03640527398672928,0.6862244015073671,0.6183622351083696,3.1590223480469654e-06,0.553816522475498,0.553816522475498,0.553816522475498,0.553816522475498
111,30s,MN,6mM 2DG_1h_yes_A_MN_4_7_0018,0.3198395783553816,0.42842434101803245,1.3394975794459048,1.7870698239442895,[1.26024350e-04 5.98560751e-05],[5.98560751e-05 4.03025905e-05],0.5715756589819676,0.007819242193362204,0.9930726547796394,-0.03916108122368477,0.8145435120854032,0.8227168561931535,4.118461956224873e-10,0.3198395783553816,0.3198395783553816,0.3198395783553816,0.3198395783553816
111,30s,MN,6mM 2DG_1h_yes_A_MN_4_8_0008,0.6265607525377612,0.3946355099730733,0.6298439670449828,0.9661704592491898,[2.02960320e-04 2.36812758e-05],[2.36812758e-05 7.66396364e-06],0.6053644900269267,0.004931836934201658,0.9961470726299216,-0.032406753068442644,0.6786803856198222,0.5917755124161785,6.987339175021225e-06,0.6265607525377612,0.6265607525377612,0.6265607525377612,0.6265607525377612
111,30s,MN,6mM 2DG_1h_yes_A_MN_4_8_0010,0.5356807101267386,0.35958077823253953,0.6712595235088176,1.1955241427602301,[7.09076833e-05 1.23735487e-05],[1.23735487e-05 4.99977469e-06],0.6404192217674605,0.0031020171434532414,0.9982159249593617,-0.03717328425095243,0.691459472677679,0.6485365263532532,1.1995682514336898e-06,0.5356807101267386,0.5356807101267386,0.5356807101267386,0.5356807101267386
111,30s,MN,6mM 2DG_1h_yes_A_MN_4_8_0012,0.6674352554387075,0.3889753386672058,0.5827911179362723,0.915481548740133,[5.30106384e-05 5.43178605e-06],[5.43178605e-06 1.66225950e-06],0.6110246613327942,0.001148909875305951,0.9991267615469852,-0.03132430072751285,0.6630709612918337,0.5473270511579696,2.373253874802313e-05,0.6674352554387075,0.6674352554387075,0.6674352554387075,0.6674352554387075
111,30s,MN,6mM 2DG_1h_yes_A_MN_4_8_0013,0.8911414387418617,0.49070018295249623,0.5506423129029668,0.5715140099045866,[1.11950379e-03 5.09142263e-05],[5.09142263e-05 9.68434469e-06],0.5092998170475038,0.006775563946924656,0.9900039354990966,-0.02309433545579709,0.6857146956098361,0.48377083147401523,0.00011343063743241983,0.8911414387418617,0.8911414387418617,0.8911414387418617,0.8911414387418617
111,30s,MN,6mM 2DG_1h_yes_A_MN_4_8_0014,0.3755638783944699,0.5517776423485917,1.469197849131373,1.193465036008128,[2.51087664e-04 6.66453089e-05],[6.66453089e-05 2.84972562e-05],0.4482223576514083,0.0064247012906327354,0.9887612118401323,-0.029692083135457494,0.8331726661036292,0.7795169558354118,5.18163081811704e-09,0.3755638783944699,0.3755638783944699,0.3755638783944699,0.3755638783944699
111,30s,MN,6mM 2DG_1h_yes_A_MN_4_8_0015,0.7816653401087937,0.3035507335708621,0.38833848450874553,0.8909813838390286,[2.47100277e-04 2.04199530e-05],[2.04199530e-05 6.06379568e-06],0.696449266429138,0.006568385038435177,0.9970789175539169,-0.033309964197353104,0.5895487498006513,0.5064863579252041,6.628076394394524e-05,0.7816653401087937,0.7816653401087937,0.7816653401087937,0.7816653401087937
111,30s,MN,2mM 2DG_1h_yes_A_MN_6_1_0001,0.9720888003548901,0.31261451483686514,0.3215904912418864,0.7071221115932869,[6.87469363e-04 3.49961750e-05],[3.49961750e-05 8.22861081e-06],0.6873854851631349,0.009475495372087549,0.9949197516335616,-0.02967463301787399,0.5617437569231206,0.45789922677777223,0.00020379575002969544,0.9720888003548901,0.9720888003548901,0.9720888003548901,0.9720888003548901
111,30s,MN,2mM 2DG_1h_yes_A_MN_6_1_0002,0.9891295810313724,0.28946928233204644,0.29265051605292686,0.7183393675549348,[1.97725214e-04 1.00235840e-05],[1.00235840e-05 2.39374762e-06],0.7105307176679536,0.002809700537816466,0.9986190564426249,-0.029255995216941603,0.5379149896061644,0.41262682211142465,0.0005357780399655229,0.9891295810313724,0.9891295810313724,0.9891295810313724,0.9891295810313724
111,30s,MN,2mM 2DG_1h_yes_A_MN_6_1_0003,1.1254773659944879,0.3351014810590914,0.2977416438428248,0.5907702269546707,[1.09934107e-03 3.95821911e-05],[3.95821911e-05 7.75980385e-06],0.6648985189409087,0.00883902222795108,0.9941400833302302,-0.026370117034305588,0.5544820455098761,0.41632791389672136,0.0004963389441493742,1.1254773659944879,1.1254773659944879,1.1254773659944879,1.1254773659944879
111,30s,MN,2mM 2DG_1h_yes_A_MN_6_1_0005,0.9294252256882276,0.33761645128196816,0.36325294596127133,0.7126808380174373,[3.49760098e-04 1.88947353e-05],[1.88947353e-05 4.47976892e-06],0.6623835487180318,0.004617733220906567,0.9971164252797179,-0.02870351842627912,0.5806910366474584,0.4562522037268245,0.00021135609576508382,0.9294252256882276,0.9294252256882276,0.9294252256882276,0.9294252256882276
111,30s,MN,2mM 2DG_1h_yes_A_MN_6_2_0005,0.9343045163392161,0.349565421447188,0.3741450622724722,0.69616978958995,[6.86255350e-04 3.59961718e-05],[3.59961718e-05 8.33619199e-06],0.6504345785528121,0.008380739954572496,0.9945487934093997,-0.026440766943584434,0.5779445750184413,0.3923061945424558,0.0008092264096343213,0.9343045163392161,0.9343045163392161,0.9343045163392161,0.9343045163392161
111,30s,MN,2mM 2DG_1h_yes_A_MN_6_2_0006,1.0735514024529664,0.4430619558164615,0.4127067924312759,0.5187809758442737,[2.40940015e-03 8.03584471e-05],[8.03584471e-05 1.38444728e-05],0.5569380441835385,0.011687074413814827,0.9854243119758678,-0.022394136389355283,0.6301645773360497,0.42625934095657975,0.0004033991638638826,1.0735514024529664,1.0735514024529664,1.0735514024529664,1.0735514024529664
111,30s,MN,2mM 2DG_1h_yes_A_MN_6_2_0007,1.1073410621258257,0.40018084509156343,0.3613889692876678,0.5416751671404018,[0.0029846  0.00010035],[1.00354469e-04 1.80437559e-05],0.5998191549084366,0.016996196992144372,0.9839919178805113,-0.024651442825810485,0.6043067318899077,0.4300511842450202,0.00037238096711957427,1.1073410621258257,1.1073410621258257,1.1073410621258257,1.1073410621258257
111,30s,MN,2mM 2DG_1h_yes_A_MN_6_2_0008,0.9975005090173051,0.42204849351884405,0.42310604325869283,0.579399710833761,[1.77653821e-03 7.19448995e-05],[7.19448995e-05 1.38567361e-05],0.577951506481156,0.01228668394942762,0.9875581895975261,-0.025463893575215262,0.633190987659731,0.4847067222035486,0.00011099581040086603,0.9975005090173051,0.9975005090173051,0.9975005090173051,0.9975005090173051
111,30s,MN,2mM 2DG_1h_yes_A_MN_6_2_0012,0.7939459996846889,0.5037616341143452,0.6345036492587798,0.625027855902962,[0.00697986 0.00039727],[3.97271862e-04 8.27416922e-05],0.49623836588565484,0.0512556147889739,0.9287269658325863,-0.022714766930304178,0.7013529549709749,0.4170517314717408,0.000488947554485745,0.7939459996846889,0.7939459996846889,0.7939459996846889,0.7939459996846889
111,30s,MN,2mM 2DG_1h_yes_A_MN_6_2_0015,1.0710774170023438,0.31905687617968953,0.2978840475160456,0.6357552806276938,[1.05833342e-03 4.33697232e-05],[4.33697232e-05 9.15697946e-06],0.6809431238203105,0.01105108666943639,0.9937229523121988,-0.027987111663941536,0.5521986383350175,0.43388084642555563,0.0003433062584140443,1.0710774170023438,1.0710774170023438,1.0710774170023438,1.0710774170023438
111,30s,MN,2mM 2DG_1h_yes_A_MN_6_2_0016,1.119242963178543,0.38744759624609865,0.3461693385552182,0.5472917176216245,[9.62008740e-04 3.22899926e-05],[3.22899926e-05 5.86489947e-06],0.6125524037539014,0.00607649140740314,0.9949657241527343,-0.024334369909769924,0.5905799462099436,0.4038197360412798,0.0006415968606783174,1.119242963178543,1.119242963178543,1.119242963178543,1.119242963178543
111,30s,MN,2mM 2DG_1h_yes_A_MN_6_2_0017,0.6843979250427777,0.3256662567902748,0.47584343095417664,0.9852948387702615,[2.06958386e-04 2.21472624e-05],[2.21472624e-05 7.28978277e-06],0.6743337432097252,0.006242075978772139,0.9967037318629719,-0.03475957619965659,0.6268471810825202,0.5686033813914589,1.341735459230185e-05,0.6843979250427777,0.6843979250427777,0.6843979250427777,0.6843979250427777
111,30s,MN,2mM 2DG_1h_yes_A_MN_6_2_0024,0.6190568926633261,0.2292648896527263,0.3703454276494292,1.2450149888993123,[4.85303931e-05 7.40354041e-06],[7.40354041e-06 3.08897075e-06],0.7707351103472737,0.003048348814349063,0.9990523709961993,-0.04132091845869604,0.5923990698648758,0.5935628744991757,6.634688409319244e-06,0.6190568926633261,0.6190568926633261,0.6190568926633261,0.6190568926633261
111,30s,MN,2mM 2DG_1h_yes_A_MN_6_2_0025,0.7979913601919831,0.43291825914716686,0.5425099578058264,0.7106364418737603,[0.00184698 0.00011881],[1.18810967e-04 2.81329194e-05],0.5670817408528331,0.020050674189557322,0.9793897045642584,-0.026740326049470766,0.6622357160711165,0.4900184641962123,9.806604452235202e-05,0.7979913601919831,0.7979913601919831,0.7979913601919831,0.7979913601919831
111,30s,MN,2mM 2DG_1h_yes_A_MN_6_3_0004,0.6354437273399076,0.3283602332125806,0.5167416390860622,1.0569618329525976,[1.82626124e-04 2.29189684e-05],[2.29189684e-05 8.11007536e-06],0.6716397667874194,0.006292882267459392,0.9967476979665079,-0.03542570667293537,0.6400673784515454,0.5570717679770182,1.8336234055318037e-05,0.6354437273399076,0.6354437273399076,0.6354437273399076,0.6354437273399076
111,30s,MN,2mM 2DG_1h_yes_A_MN_6_3_0005,0.7963041451277548,0.26691000670784515,0.3351860069308361,0.9206155685332289,[7.20794438e-05 6.02167170e-06],[6.02167170e-06 1.84721365e-06],0.7330899932921549,0.00198198970246485,0.9991700044388185,-0.034449893413575315,0.5626367507919489,0.4994710491168643,7.843321538113296e-05,0.7963041451277548,0.7963041451277548,0.7963041451277548,0.7963041451277548
111,30s,MN,2mM 2DG_1h_yes_A_MN_6_3_0008,0.9251824456119477,0.5305707730099096,0.5734769131497861,0.507390979170161,[2.37291668e-03 9.17469421e-05],[9.17469421e-05 1.54872553e-05],0.4694292269900904,0.010546462235854507,0.9803642510918827,-0.021493468841399115,0.7097833118034638,0.5050326581014359,6.864628769810627e-05,0.9251824456119477,0.9251824456119477,0.9251824456119477,0.9251824456119477
111,30s,MN,2mM 2DG_1h_yes_A_MN_6_3_0009,0.2038862800455316,0.48430018113490286,2.375344633423836,2.529350276781409,[1.83876880e-05 1.89612378e-05],[1.89612378e-05 2.22089156e-05],0.5156998188650972,0.001059535913168556,0.9984956825907472,-0.03601666163448261,0.8959802207352914,0.913303069827663,1.0506482684780585e-13,0.2038862800455316,0.2038862800455316,0.2038862800455316,0.2038862800455316
111,30s,MN,2mM 2DG_1h_yes_A_MN_6_3_0011,0.9063951175342545,0.24897132143381995,0.27468299047232103,0.8285886188456848,[5.83339975e-05 3.77151251e-06],[3.77151251e-06 1.03988410e-06],0.75102867856618,0.0013099151106266689,0.9995057311821142,-0.03259979574145132,0.5272490315105299,0.4400399774962266,0.0003009165910481394,0.9063951175342545,0.9063951175342545,0.9063951175342545,0.9063951175342545
111,30s,MN,2mM 2DG_1h_yes_A_MN_6_3_0012,0.9252052585491957,0.29608967673112724,0.32002593369975246,0.760815307483949,[9.57708832e-04 5.55222108e-05],[5.55222108e-05 1.40535487e-05],0.7039103232688728,0.015987226631434204,0.9920274716659988,-0.03154913490836351,0.5608566921096282,0.4868701364682073,0.00010555083238201094,0.9252052585491957,0.9252052585491957,0.9252052585491957,0.9252052585491957
111,30s,MN,2mM 2DG_1h_yes_A_MN_6_4_0003,1.0042665084044455,0.373418068183919,0.3718316453440199,0.6239199720117913,[5.18829875e-04 2.24516222e-05],[2.24516222e-05 4.65611967e-06],0.626581931816081,0.003098665142080614,0.9966542973426928,-0.026477252505892723,0.5966337822366339,0.4181458710667124,0.00047796788872503675,1.0042665084044455,1.0042665084044455,1.0042665084044455,1.0042665084044455
111,30s,MN,2mM 2DG_1h_yes_A_MN_6_4_0005,0.3235334518722459,0.48754807600240035,1.5069479621999617,1.5839225311389198,[1.95351807e-04 8.12260766e-05],[8.12260766e-05 4.82754056e-05],0.5124519239975996,0.008800264157418908,0.9895976481754114,-0.03534378334545324,0.8341977584445074,0.8189310859451999,5.262254546320926e-10,0.3235334518722459,0.3235334518722459,0.3235334518722459,0.3235334518722459
111,30s,MN,2mM 2DG_1h_yes_A_MN_6_4_0007,0.9614578557335034,0.2958166467753245,0.30767510506182694,0.7324120854860027,[2.59940300e-04 1.38796794e-05],[1.38796794e-05 3.38064129e-06],0.7041833532246755,0.0031943138645292688,0.9980967749597635,-0.02977954508509476,0.5487381079280645,0.42264035958267837,0.0004352179687821348,0.9614578557335034,0.9614578557335034,0.9614578557335034,0.9614578557335034
111,30s,MN,2mM 2DG_1h_yes_A_MN_6_4_0009,0.8219935822606735,0.4823763893164863,0.5868371721222434,0.6297173382545499,[0.00228953 0.00012605],[1.26049096e-04 2.64392937e-05],0.5176236106835137,0.018093417726474933,0.9766251873558833,-0.025710902759731532,0.6983828506322134,0.5370372371753885,3.098792475185063e-05,0.8219935822606735,0.8219935822606735,0.8219935822606735,0.8219935822606735
111,30s,MN,2mM 2DG_1h_yes_A_MN_6_4_0010,0.7849881677632727,0.6486689232685814,0.8263422939442306,0.4475622578267559,[0.00555334 0.00022938],[2.29377074e-04 3.42138012e-05],0.3513310767314186,0.01713050886851242,0.9343698077865723,-0.01854921136543564,0.8024352695628922,0.6237454738312088,2.6726306560372913e-06,0.7849881677632727,0.7849881677632727,0.7849881677632727,0.7849881677632727
111,30s,MN,2mM 2DG_1h_yes_A_MN_6_4_0014,0.43027067744621084,0.3795261501314638,0.8820637101837117,1.4420546934577088,[4.76675175e-05 1.30507116e-05],[1.30507116e-05 6.54163859e-06],0.6204738498685363,0.0022636751005176573,0.9983145157434111,-0.03945969300228573,0.7446000453732817,0.7107973031520292,1.2231751169833472e-07,0.43027067744621084,0.43027067744621084,0.43027067744621084,0.43027067744621084
111,30s,MN,2mM 2DG_1h_yes_A_MN_6_5_0009,0.18474049674411638,0.728872768453267,3.945387077002542,1.4676112510527168,[0.00102086 0.00066021],[0.00066021 0.00047215],0.271127231546733,0.012352372190544159,0.933455868484829,-0.020257345793547134,0.964562826512007,0.8168363211905821,6.013447173843771e-10,0.18474049674411638,0.18474049674411638,0.18474049674411638,0.18474049674411638
111,30s,MN,2mM 2DG_1h_yes_A_MN_6_5_0010,1.2539615397770343e-05,-480.6866132844624,-38333441.50012231,38413188.7625605,[2.54317184e-03 9.76855145e+04],[9.76855145e+04 3.75218835e+12],481.6866132844624,0.023087605760517688,0.5729905615348314,-0.01160682715256382,1.0454631011764337,0.8341997125978504,1.8947876889315883e-10,,,,
111,30s,MN,2mM 2DG_1h_yes_A_MN_6_5_0012,0.9743929035283639,0.3931254847099058,0.403456843011031,0.6228232092952927,[1.00906784e-03 4.51210977e-05],[4.51210977e-05 9.34425053e-06],0.6068745152900942,0.008774659468875382,0.9927436784585332,-0.026688994679785066,0.6162524821894393,0.4653798152895465,0.0001724987872323532,0.9743929035283639,0.9743929035283639,0.9743929035283639,0.9743929035283639
111,30s,MN,2mM 2DG_1h_yes_A_MN_6_5_0013,0.4657501241941111,0.28895685320857617,0.6204117577178516,1.5266622805989456,[5.52343374e-05 1.45687435e-05],[1.45687435e-05 7.63285774e-06],0.7110431467914238,0.004179613933928515,0.9982726043740849,-0.043852896380328604,0.6892410754099026,0.6847225810237915,3.356456588754718e-07,0.4657501241941111,0.4657501241941111,0.4657501241941111,0.4657501241941111
111,30s,MN,2mM 2DG_1h_yes_A_MN_6_5_0016,0.5565201058240866,0.6052130341441895,1.0874953623607166,0.7093849112085823,[5.90618750e-04 5.83938693e-05],[5.83938693e-05 1.39609554e-05],0.3947869658558105,0.005138870025480866,0.9859742899027796,-0.02214017196468559,0.8026021128809548,0.620675789751083,2.940812353389928e-06,0.5565201058240866,0.5565201058240866,0.5565201058240866,0.5565201058240866
111,30s,MN,2mM 2DG_1h_yes_A_MN_6_5_0018,0.9175390474692725,0.396599694823302,0.43224285213494823,0.6576290206296701,[9.73379949e-04 4.92477981e-05],[4.92477981e-05 1.07756786e-05],0.6034003051766981,0.009534636460213484,0.9918406078623738,-0.0273427378422923,0.6259912954651741,0.4901331069804739,9.780296971999722e-05,0.9175390474692725,0.9175390474692725,0.9175390474692725,0.9175390474692725
111,30s,MN,2mM 2DG_1h_yes_A_MN_6_5_0023,0.905519097480711,0.23481341776713538,0.2593136008068977,0.8450253389042016,[4.27983599e-04 2.82512256e-05],[2.82512256e-05 7.94404442e-06],0.7651865822328646,0.011864866650732352,0.9962861975867666,-0.034272322419740306,0.5241615072977068,0.4785875891790368,0.00012783146668899497,0.905519097480711,0.905519097480711,0.905519097480711,0.905519097480711
111,30s,MN,2mM 2DG_1h_yes_A_MN_6_6_0004,0.7419933603951255,0.20820578812274856,0.28060330352804647,1.0671176511008211,[1.43973584e-04 1.51549134e-05],[1.51549134e-05 5.39396882e-06],0.7917942118772514,0.005764252481105224,0.9981146052128665,-0.038798811685281806,0.5434721339386802,0.5160753714805212,5.2464477437651335e-05,0.7419933603951255,0.7419933603951255,0.7419933603951255,0.7419933603951255
111,30s,MN,2mM 2DG_1h_yes_A_MN_6_6_0008,0.8526558218379761,0.2107869014270405,0.24721217638867515,0.9255939833633458,[8.55459329e-05 6.63264738e-06],[6.63264738e-06 2.04411045e-06],0.7892130985729595,0.00271561642389867,0.9991673743773275,-0.03568535696298842,0.516049131664001,0.4667729469828702,0.00016718550007814088,0.8526558218379761,0.8526558218379761,0.8526558218379761,0.8526558218379761
111,30s,MN,2mM 2DG_1h_yes_A_MN_6_6_0017,1.0622258649849143,0.41071466492186254,0.3866547393173254,0.5547646263410339,[1.53978923e-03 5.55816176e-05],[5.55816176e-05 1.02415979e-05],0.5892853350781375,0.009802866481686994,0.9910133695680126,-0.022006412084722624,0.6001019380106567,0.3445267190609566,0.002039433220295039,1.0622258649849143,1.0622258649849143,1.0622258649849143,1.0622258649849143
111,30s,MN,2mM 2DG_1h_yes_A_MN_6_6_0018,0.4545997431019625,0.26141782609441333,0.5750505363479269,1.6246867384171169,[6.92190769e-05 2.00007709e-05],[2.00007709e-05 1.11913540e-05],0.7385821739055867,0.0046946454430832965,0.9977462778549627,-0.04553301402030146,0.680076729655427,0.6802328378136058,3.960739756186373e-07,0.4545997431019625,0.4545997431019625,0.4545997431019625,0.4545997431019625
111,30s,MN,2mM 2DG_1h_yes_A_MN_6_6_0020,0.93221762246981,0.37874315440689316,0.4062819080843527,0.6664289867715157,[5.95131252e-04 2.99599276e-05],[2.99599276e-05 6.64203119e-06],0.6212568455931069,0.006371144655727205,0.9951670264326794,-0.027676584021977937,0.6112177982429662,0.4788090188404758,0.00012718328607103508,0.93221762246981,0.93221762246981,0.93221762246981,0.93221762246981
111,30s,MN,2mM 2DG_1h_yes_A_MN_6_6_0023,1.0481969353331004,0.3869399359029767,0.36914812747474146,0.5848710709139809,[4.99391346e-04 1.92938004e-05],[1.92938004e-05 3.74874978e-06],0.6130600640970233,0.0034465843657307048,0.9969294977660006,-0.024264116053307604,0.5925291072815249,0.39309399643710846,0.0007965738406342991,1.0481969353331004,1.0481969353331004,1.0481969353331004,1.0481969353331004
111,30s,MN,2mM 2DG_1h_yes_A_MN_6_6_0025,1.0156857120302833,0.21428660538919042,0.21097727658376406,0.7735792532123195,[1.95743376e-04 1.03677154e-05],[1.03677154e-05 2.66547817e-06],0.7857133946108096,0.004286382178040518,0.99871579710471,-0.03242247039847545,0.487844172056529,0.418353092050646,0.0004759143289600558,1.0156857120302833,1.0156857120302833,1.0156857120302833,1.0156857120302833
111,30s,MN,2mM 2DG_1h_yes_A_MN_6_7_0007,0.8244623750773289,0.38238150287998135,0.4637949704425464,0.7491166556413085,[4.18757077e-04 2.73296572e-05],[2.73296572e-05 6.81920796e-06],0.6176184971200187,0.005718079325982012,0.9957168333846292,-0.0288101904372078,0.6289577563736354,0.47822368963729556,0.0001289033179964404,0.8244623750773289,0.8244623750773289,0.8244623750773289,0.8244623750773289
111,30s,MN,2mM 2DG_1h_yes_A_MN_6_7_0009,0.9613629501474806,0.3010329824303149,0.31313145819082594,0.7270584095865751,[2.87683938e-04 1.52505125e-05],[1.52505125e-05 3.68738398e-06],0.6989670175696852,0.004099455048532331,0.9978040360595817,-0.029776450912271716,0.5525154965056375,0.4470091769855778,0.00025881625258378357,0.9613629501474806,0.9613629501474806,0.9613629501474806,0.9613629501474806
111,30s,MN,2mM 2DG_1h_yes_A_MN_6_7_0012,1.081495882931381,0.48223313170215837,0.4458945607773111,0.4787506605151755,[0.00746421 0.00022783],[2.27826690e-04 3.62182049e-05],0.5177668682978416,0.029822259787988567,0.9589252078234684,-0.02354510847347528,0.6729688860166999,0.5061014750942819,6.689963803678692e-05,1.081495882931381,1.081495882931381,1.081495882931381,1.081495882931381
111,30s,MN,2mM 2DG_1h_yes_A_MN_6_7_0014,0.9780003048894192,0.32742885804369437,0.334794229006622,0.6877003397584339,[1.69226233e-04 8.31999145e-06],[8.31999145e-06 1.90240982e-06],0.6725711419563056,0.0021126223737007147,0.9987684418147038,-0.028407824581576403,0.567200788328778,0.43880132818035966,0.00030903110657164813,0.9780003048894192,0.9780003048894192,0.9780003048894192,0.9780003048894192
111,30s,MN,2mM 2DG_1h_yes_A_MN_6_7_0015,1.1680685836998486,0.3125130060198407,0.26754679509482066,0.5885673183697394,[1.98161593e-03 6.81717850e-05],[6.81717850e-05 1.33055989e-05],0.6874869939801593,0.01538826504815173,0.9900542047391041,-0.026963713241692784,0.5352146499634799,0.4250992094858379,0.0004133566903566254,1.1680685836998486,1.1680685836998486,1.1680685836998486,1.1680685836998486
111,30s,MN,2mM 2DG_1h_yes_A_MN_6_7_0017,1.002523189466947,0.27138646666047694,0.27070343061568103,0.72677973037904,[1.09280686e-04 5.51952466e-06],[5.51952466e-06 1.33340196e-06],0.7286135333395231,0.0013732519966721598,0.9992719515444423,-0.029914315266931495,0.5252279286737056,0.40588775155040346,0.0006151402613198869,1.002523189466947,1.002523189466947,1.002523189466947,1.002523189466947
111,30s,MN,2mM 2DG_1h_yes_A_MN_6_7_0019,1.645339380675997,0.5751267431496714,0.34954900484626905,0.25822833990381183,[0.02506325 0.0002585 ],[2.58499312e-04 2.18450219e-05],0.4248732568503286,0.017263908071219067,0.9531333676832541,-0.014965646083703462,0.6953645737715821,0.3411062255251768,0.0021741379828095417,1.645339380675997,1.645339380675997,1.645339380675997,1.645339380675997
111,30s,MN,2mM 2DG_1h_yes_A_MN_6_8_0001,0.9787514483578287,0.2475031892156217,0.25287644746875027,0.768833407140224,[3.71796473e-04 2.04179243e-05],[2.04179243e-05 5.21941732e-06],0.7524968107843784,0.007616735785322811,0.9973138177269183,-0.03200558763494355,0.5171434374220079,0.44264445092793975,0.00028449317527428394,0.9787514483578287,0.9787514483578287,0.9787514483578287,0.9787514483578287
111,30s,MN,2mM 2DG_1h_yes_A_MN_6_8_0003,1.0351392380570679,0.27398287949371625,0.26468215040130805,0.7013714617455724,[2.28009895e-04 1.07153962e-05],[1.07153962e-05 2.49711173e-06],0.7260171205062838,0.003027667066028485,0.9985531274951184,-0.02918942813978727,0.5208513863596387,0.4045236449714623,0.0006324754236816151,1.0351392380570679,1.0351392380570679,1.0351392380570679,1.0351392380570679
111,30s,MN,2mM 2DG_1h_yes_A_MN_6_8_0004,1.0925866813929523,0.4107347714965823,0.37592877388266477,0.5393304151869727,[8.82222522e-04 2.99867695e-05],[2.99867695e-05 5.36944347e-06],0.5892652285034177,0.0047474667003595825,0.9950643278439554,-0.022912785279731875,0.6040144542868798,0.3869293372146513,0.0009006902712389312,1.0925866813929523,1.0925866813929523,1.0925866813929523,1.0925866813929523
111,30s,MN,2mM 2DG_1h_yes_A_MN_6_8_0005,1.240143120969105,0.41030763748481475,0.33085506869899134,0.475503474191247,[2.95372482e-03 7.67656590e-05],[7.67656590e-05 1.20887593e-05],0.5896923625151853,0.011908732072992218,0.9879622483691948,-0.02269535436622885,0.597395126903041,0.39313901467735624,0.0007958563955143484,1.240143120969105,1.240143120969105,1.240143120969105,1.240143120969105
111,30s,MN,2mM 2DG_1h_yes_A_MN_6_8_0008,1.0533403703059623,0.28544448386501575,0.2709897882126203,0.6783709580289117,[4.11992068e-04 1.83593814e-05],[1.83593814e-05 4.13718072e-06],0.7145555161349842,0.004930630596331735,0.9974917999838057,-0.02892705913506131,0.5286638689290573,0.4127058839655711,0.0005349060456935559,1.0533403703059623,1.0533403703059623,1.0533403703059623,1.0533403703059623
111,30s,MN,0mM 2DG_1h_yes_A_MN_8_1_0013,1.2544880584732543,0.3112112523923444,0.2480782900166438,0.549059628710958,[8.47665921e-04 2.51134025e-05],[2.51134025e-05 4.56521677e-06],0.6887887476076556,0.004967789438940201,0.996446373162933,-0.024758317154278505,0.5178914883355499,0.364374630659477,0.0013992206978599504,1.2544880584732543,1.2544880584732543,1.2544880584732543,1.2544880584732543
111,30s,MN,0mM 2DG_1h_yes_A_MN_8_1_0015,1.0702630835471072,0.3467804881445777,0.3240142479690736,0.6103354604089464,[1.18939358e-03 4.68320092e-05],[4.68320092e-05 9.49274566e-06],0.6532195118554223,0.009174312348320448,0.9926495867586326,-0.026493389290603922,0.5676217053373971,0.4393167285397033,0.00030563039272596957,1.0702630835471072,1.0702630835471072,1.0702630835471072,1.0702630835471072
111,30s,MN,0mM 2DG_1h_yes_A_MN_8_1_0017,1.1381243601911215,0.4666641004931733,0.41002909419741085,0.4686095106665368,[0.00522693 0.00014741],[1.47413417e-04 2.29189452e-05],0.5333358995068267,0.019333924333929914,0.9723599913248822,-0.021972803751109413,0.6465792177864979,0.4597219308311682,0.00019572070057431682,1.1381243601911215,1.1381243601911215,1.1381243601911215,1.1381243601911215
111,30s,MN,0mM 2DG_1h_yes_A_MN_8_1_0020,1.0458665476247522,0.3905560750793234,0.37342821220002487,0.5827167206989967,[2.17293609e-03 8.38531630e-05],[8.38531630e-05 1.62329944e-05],0.6094439249206767,0.015319848919560598,0.9859564048577613,-0.02593714953775302,0.6049850691574339,0.4748607535084744,0.00013920869759481922,1.0458665476247522,1.0458665476247522,1.0458665476247522,1.0458665476247522
111,30s,MN,0mM 2DG_1h_yes_A_MN_8_1_0026,0.8458612631300694,0.24205343481960953,0.28616209935409775,0.8960648728322719,[1.55629721e-04 1.17909952e-05],[1.17909952e-05 3.51821636e-06],0.7579465651803905,0.0037237476765662626,0.9984244782734617,-0.03451601914044519,0.5367103431305855,0.48224363583596064,0.00011750985898153556,0.8458612631300694,0.8458612631300694,0.8458612631300694,0.8458612631300694
111,30s,MN,0mM 2DG_1h_yes_A_MN_8_2_0006,1.2544787249091172,0.3500172710392101,0.27901411485839883,0.5181297347293626,[1.82606391e-03 5.10527836e-05],[5.10527836e-05 8.75778676e-06],0.6499827289607899,0.00991998816070244,0.9924398308899975,-0.024204619583345553,0.5502397056241529,0.38621592010431754,0.0009135224033322083,1.2544787249091172,1.2544787249091172,1.2544787249091172,1.2544787249091172
111,30s,MN,0mM 2DG_1h_yes_A_MN_8_2_0007,1.22323837826104,0.3066151214786711,0.2506585199808366,0.5668436265930826,[0.00364278 0.00011461],[1.14606121e-04 2.15215933e-05],0.6933848785213289,0.02869462959694989,0.9841707239163583,-0.027518818997069594,0.5315715440894633,0.4288574527585795,0.00038189931526126284,1.22323837826104,1.22323837826104,1.22323837826104,1.22323837826104
111,30s,MN,0mM 2DG_1h_yes_A_MN_8_2_0008,1.3514103091768324,0.3420509814696696,0.25310668354899474,0.48686103255427926,[1.37779314e-03 3.33149980e-05],[3.33149980e-05 5.35842232e-06],0.6579490185303304,0.0065283694179712375,0.9954613785741269,-0.023599661008517545,0.5372051001229531,0.35215716049291035,0.0017664651002144598,1.3514103091768324,1.3514103091768324,1.3514103091768324,1.3514103091768324
111,30s,MN,0mM 2DG_1h_yes_A_MN_8_2_0011,1.3608533789344999,0.6216783956256158,0.4568298137396462,0.27800320756861896,[0.02760627 0.00037822],[3.78222791e-04 3.47286375e-05],0.3783216043743842,0.024071764499517995,0.9125967447811782,-0.016226215694065262,0.7490726273200043,0.4936726334121598,8.99939061132968e-05,1.3608533789344999,1.3608533789344999,1.3608533789344999,1.3608533789344999
111,30s,MN,0mM 2DG_1h_yes_A_MN_8_2_0014,0.9810054330662525,0.2502312018104158,0.25507626499915254,0.7642860813177049,[3.64110253e-04 1.98252651e-05],[1.98252651e-05 5.03781017e-06],0.7497687981895842,0.006032245810975925,0.99741266091957,-0.031217112812767105,0.5149749682100648,0.41979288460076736,0.0004618700541193374,0.9810054330662525,0.9810054330662525,0.9810054330662525,0.9810054330662525
111,30s,MN,0mM 2DG_1h_yes_A_MN_8_2_0016,1.076288557644873,0.3958996333183922,0.36783781682553324,0.5612810453021037,[7.58017427e-04 2.72737645e-05],[2.72737645e-05 5.08358282e-06],0.6041003666816078,0.004760046532998357,0.9954713792004122,-0.024046820960952738,0.5975452663046158,0.4154566268613733,0.0005053734911824986,1.076288557644873,1.076288557644873,1.076288557644873,1.076288557644873
111,30s,MN,0mM 2DG_1h_yes_A_MN_8_2_0024,0.9620852376048781,0.259472316632916,0.2696978463975554,0.7697110967118006,[3.53148936e-04 1.98020809e-05],[1.98020809e-05 5.06873570e-06],0.740527683367084,0.006409207273176608,0.9973152655691111,-0.03160935511850773,0.5262775179834622,0.44786289485846914,0.000254051662378179,0.9620852376048781,0.9620852376048781,0.9620852376048781,0.9620852376048781
111,30s,MN,0mM 2DG_1h_yes_A_MN_8_3_0003,0.6591412949985783,0.4021613665278964,0.61012922355102,0.9069961751878904,[0.00101562 0.00010466],[1.04661282e-04 3.17432311e-05],0.5978386334721035,0.021798880893736428,0.9832181791303309,-0.031587448390605226,0.6770012403779906,0.5658894276343277,1.445100964944708e-05,0.6591412949985783,0.6591412949985783,0.6591412949985783,0.6591412949985783
111,30s,MN,0mM 2DG_1h_yes_A_MN_8_3_0004,0.7714591183151592,0.2190581289298694,0.283952997286862,1.0122919705397757,[1.30563945e-04 1.24501456e-05],[1.24501456e-05 4.20122636e-06],0.7809418710701306,0.005251949555192753,0.9984095313522175,-0.03766477533605033,0.5426667125933295,0.5132178333700961,5.6274884072421326e-05,0.7714591183151592,0.7714591183151592,0.7714591183151592,0.7714591183151592
111,30s,MN,0mM 2DG_1h_yes_A_MN_8_3_0005,0.7094896405635426,0.2997947487674641,0.4225498606707481,0.9869139888728576,[6.19826201e-05 6.36416903e-06],[6.36416903e-06 2.09656812e-06],0.7002052512325359,0.002004939977360801,0.9990931831138418,-0.03503496667136505,0.6036503672791971,0.5376214913631711,3.052671878591706e-05,0.7094896405635426,0.7094896405635426,0.7094896405635426,0.7094896405635426
111,30s,MN,0mM 2DG_1h_yes_A_MN_8_3_0007,1.1471026400406747,0.4398728817520583,0.3834642745974859,0.4882972967685615,[0.00453554 0.00013211],[1.32114040e-04 2.14001801e-05],0.5601271182479417,0.0196335583848315,0.977484299177425,-0.02257987146049778,0.6262770961867665,0.4223275830438921,0.0004380742895955379,1.1471026400406747,1.1471026400406747,1.1471026400406747,1.1471026400406747
111,30s,MN,0mM 2DG_1h_yes_A_MN_8_3_0009,0.8920337481313007,0.3147522835720192,0.3528479547229978,0.768185865011822,[6.08733747e-04 3.71686479e-05],[3.71686479e-05 9.50261081e-06],0.6852477164279809,0.01034214126098782,0.9945464465251501,-0.031226366065434906,0.5779787235327454,0.4915000247343659,9.471600277898342e-05,0.8920337481313007,0.8920337481313007,0.8920337481313007,0.8920337481313007
111,30s,MN,0mM 2DG_1h_yes_A_MN_8_4_0004,1.1998098913171626,0.5121111508800307,0.4268269119850564,0.40663846218533867,[0.00729281 0.0001682 ],[1.68198726e-04 2.26685357e-05],0.4878888491199693,0.01738149153913201,0.9679813623186984,-0.020378300533762925,0.6773482410670874,0.45457314926429154,0.00021932953423724292,1.1998098913171626,1.1998098913171626,1.1998098913171626,1.1998098913171626
111,30s,MN,0mM 2DG_1h_yes_A_MN_8_4_0008,1.0279304356097352,0.3534299476064337,0.34382671760933947,0.6290017592581951,[0.00441267 0.00018746],[1.87462464e-04 3.91820744e-05],0.6465700523935662,0.034427876338361155,0.9686287250764075,-0.027919914826194756,0.582940043631732,0.5129187968710343,5.668803297228427e-05,1.0279304356097352,1.0279304356097352,1.0279304356097352,1.0279304356097352
111,30s,MN,0mM 2DG_1h_yes_A_MN_8_4_0010,1.145423950193155,0.27701266466233365,0.24184291293683924,0.6311962790857898,[4.22085474e-04 1.59190411e-05],[1.59190411e-05 3.33332164e-06],0.7229873353376663,0.004641491719539762,0.997864182098439,-0.028142708131816914,0.5117703436861438,0.39974933638704263,0.0006967790012384598,1.145423950193155,1.145423950193155,1.145423950193155,1.145423950193155
111,30s,MN,0mM 2DG_1h_yes_A_MN_8_4_0013,0.9550910631316059,0.2608727303566076,0.273139117752022,0.7738814634281056,[1.51151827e-04 8.59312723e-06],[8.59312723e-06 2.21167379e-06],0.7391272696433924,0.002711931514805729,0.9988582709588525,-0.031492050064287146,0.527814766217575,0.4347463177836235,0.00033703353528512334,0.9550910631316059,0.9550910631316059,0.9550910631316059,0.9550910631316059
111,30s,MN,0mM 2DG_1h_yes_A_MN_8_4_0014,1.070211748790966,0.2520866043197478,0.23554834321762375,0.6988461830335735,[6.75194452e-04 3.04426654e-05],[3.04426654e-05 7.06553469e-06],0.7479133956802522,0.009950495293844255,0.9959663689832581,-0.030437057740437593,0.5063228296962704,0.42751126740670764,0.00039290315337967295,1.070211748790966,1.070211748790966,1.070211748790966,1.070211748790966
111,30s,MN,0mM 2DG_1h_yes_A_MN_8_5_0001,0.8810135229006889,0.21469840456872769,0.24369478899920277,0.8913615682602801,[1.50218074e-04 1.07974002e-05],[1.07974002e-05 3.20351568e-06],0.7853015954312723,0.004534451841940582,0.9986254461407947,-0.0350754279856673,0.51322467990221,0.46667549570219674,0.0001675521966407842,0.8810135229006889,0.8810135229006889,0.8810135229006889,0.8810135229006889
111,30s,MN,0mM 2DG_1h_yes_A_MN_8_5_0003,0.8468641770108123,0.28479170648277,0.33628970762230503,0.8445371913613232,[3.28542618e-04 2.34276455e-05],[2.34276455e-05 6.58832094e-06],0.7152082935172299,0.0077532748373594414,0.9967529267041205,-0.033167872329685016,0.5667932148419723,0.4897636444700021,9.865312756494722e-05,0.8468641770108123,0.8468641770108123,0.8468641770108123,0.8468641770108123
111,30s,MN,0mM 2DG_1h_yes_A_MN_8_5_0004,0.995060376968404,0.2659656118238292,0.26728590342842523,0.7376782406033624,[3.39046818e-04 1.75303037e-05],[1.75303037e-05 4.29884385e-06],0.7340343881761708,0.006122914130751734,0.9976432703114972,-0.030995069221438784,0.5266928686209642,0.43895487363499996,0.0003080143409987372,0.995060376968404,0.995060376968404,0.995060376968404,0.995060376968404
111,30s,MN,0mM 2DG_1h_yes_A_MN_8_5_0005,1.0233323390768483,0.31524873193001396,0.30806094940222545,0.6691386970998128,[3.18538393e-04 1.44696005e-05],[1.44696005e-05 3.21750241e-06],0.6847512680699861,0.003929029009396528,0.9979322772536874,-0.02854934649985085,0.5548659004974341,0.43128690257651875,0.0003627594685200927,1.0233323390768483,1.0233323390768483,1.0233323390768483,1.0233323390768483
111,30s,MN,0mM 2DG_1h_yes_A_MN_8_5_0007,0.9573819593302996,0.38676748871688577,0.4039845173053338,0.6405306735799345,[9.61594493e-04 4.51232459e-05],[4.51232459e-05 9.61223606e-06],0.6132325112831143,0.00913824891861893,0.9927497769597753,-0.027251160132432527,0.6146784733931631,0.475117827950316,0.00013839485941614455,0.9573819593302996,0.9573819593302996,0.9573819593302996,0.9573819593302996
111,30s,MN,0mM 2DG_1h_yes_A_MN_8_6_0002,1.3784210272519068,0.342041723082114,0.24814023895444087,0.47732751017998215,[8.04956656e-04 1.86677487e-05],[1.86677487e-05 2.94173964e-06],0.657958276917886,0.0030324955042224885,0.9975065870040164,-0.021946362043787068,0.5267747456351235,0.30303450097450524,0.004353024009182902,1.3784210272519068,1.3784210272519068,1.3784210272519068,1.3784210272519068
111,30s,MN,0mM 2DG_1h_yes_A_MN_8_6_0004,1.083819483284243,0.3205349251085795,0.29574567541199653,0.6269171991930539,[8.48068528e-04 3.38140490e-05],[3.38140490e-05 7.03892189e-06],0.6794650748914205,0.008394491611507625,0.9952299669452142,-0.027883411597688614,0.552839417702573,0.4237688982369433,0.0004250547176977349,1.083819483284243,1.083819483284243,1.083819483284243,1.083819483284243
111,30s,MN,0mM 2DG_1h_yes_A_MN_8_6_0005,1.0379034143934291,0.38203051408001015,0.36807906090498427,0.5954017275115557,[1.76816541e-03 7.03269667e-05],[7.03269667e-05 1.39122800e-05],0.6179694859199898,0.01378429353922378,0.9892863321703934,-0.026832384141612726,0.6045097908256221,0.45381154564488035,0.0002230370583171011,1.0379034143934291,1.0379034143934291,1.0379034143934291,1.0379034143934291
111,30s,MN,0mM 2DG_1h_yes_A_MN_8_6_0006,1.1659125749423909,0.31686490419603885,0.2717741544315152,0.5859230876189114,[7.98182671e-04 2.73926268e-05],[2.73926268e-05 5.32259850e-06],0.6831350958039611,0.00656987388497728,0.996283395168247,-0.026719346325305014,0.5393638082327895,0.3901969302679168,0.0008440265478950276,1.1659125749423909,1.1659125749423909,1.1659125749423909,1.1659125749423909
111,30s,MN,0mM 2DG_1h_yes_A_MN_8_6_0011,0.9016625299844422,0.22585678499288783,0.2504892656421964,0.8585731238276805,[7.64343873e-05 5.15170005e-06],[5.15170005e-06 1.47190947e-06],0.7741432150071121,0.001618966261832486,0.9993375471143282,-0.03374748226898271,0.5136533172213983,0.4477115425470486,0.0002548903997858092,0.9016625299844422,0.9016625299844422,0.9016625299844422,0.9016625299844422
111,30s,MN,0mM 2DG_1h_yes_A_MN_8_6_0012,0.9571249770804869,0.23681344508715416,0.24742165418094605,0.7973739826963764,[1.37553300e-04 8.03776673e-06],[8.03776673e-06 2.13148798e-06],0.7631865549128458,0.002608947733563354,0.9989545139336897,-0.03243038742988579,0.5115382350452674,0.43762144261220287,0.00031694842061103396,0.9571249770804869,0.9571249770804869,0.9571249770804869,0.9571249770804869
111,30s,MN,0mM 2DG_1h_yes_A_MN_8_6_0013,1.023914747959742,0.33859889267296944,0.3306905124158661,0.6459532970346817,[4.87882496e-04 2.13802837e-05],[2.13802837e-05 4.58941828e-06],0.6614011073270305,0.004646963598542784,0.9967609832538259,-0.02752249200870506,0.5692226008391256,0.4400748894884077,0.0003006907611639128,1.023914747959742,1.023914747959742,1.023914747959742,1.023914747959742
111,30s,MN,0mM 2DG_1h_yes_A_MN_8_7_0009,1.1485948060121254,0.3277626126299525,0.2853596506917274,0.5852693951351117,[7.77736642e-04 2.71137120e-05],[2.71137120e-05 5.26403093e-06],0.6722373873700476,0.006330966999835075,0.9961406962397811,-0.02654461026341261,0.5483840143317679,0.4065158620541277,0.0006073072180979498,1.1485948060121254,1.1485948060121254,1.1485948060121254,1.1485948060121254
111,30s,MN,0mM 2DG_1h_yes_A_MN_8_7_0013,0.9674956292510878,0.25960722413460063,0.26832909243792197,0.7652673081722524,[3.02020888e-04 1.67294346e-05],[1.67294346e-05 4.25724617e-06],0.7403927758653994,0.0058610684431538084,0.9977299875937304,-0.031762113760015434,0.526955301000205,0.4540498928760499,0.00022187059275213968,0.9674956292510878,0.9674956292510878,0.9674956292510878,0.9674956292510878
111,30s,MN,0mM 2DG_1h_yes_A_MN_8_7_0016,1.1953887735920787,0.3491011498745261,0.29203984309263337,0.544508083482797,[6.87425475e-04 2.13180330e-05],[2.13180330e-05 3.84749771e-06],0.6508988501254739,0.004138869907711255,0.9970055337926319,-0.023175179837499418,0.5464509061180736,0.3243567216176437,0.0029622305594856,1.1953887735920787,1.1953887735920787,1.1953887735920787,1.1953887735920787
111,30s,MN,0mM 2DG_1h_yes_A_MN_8_7_0018,0.706198728473968,0.6265222298812966,0.8871755281054595,0.5288564748987233,[0.0042898  0.00023734],[2.37342549e-04 4.19026864e-05],0.3734777701187034,0.018875058999771294,0.9314368398937738,-0.019572384219638677,0.7922960922094678,0.6369370311754923,1.756587696939336e-06,0.706198728473968,0.706198728473968,0.706198728473968,0.706198728473968
111,30s,MN,0mM 2DG_1h_yes_A_MN_8_7_0019,0.7401272449373772,0.4839233293029904,0.653838015845418,0.6972810070526119,[4.77232159e-04 3.29225302e-05],[3.29225302e-05 7.65704490e-06],0.5160766706970096,0.004845391454013833,0.9937711082722737,-0.024946545635326372,0.7006082656432894,0.4974019604905738,8.239130309557749e-05,0.7401272449373772,0.7401272449373772,0.7401272449373772,0.7401272449373772
111,30s,MN,0mM 2DG_1h_yes_A_MN_8_8_0004,0.7395597245236367,0.21402410683685422,0.289393945802972,1.0627618934622305,[1.34772689e-04 1.41836761e-05],[1.41836761e-05 5.02794245e-06],0.7859758931631458,0.004253811157628365,0.9982614664866449,-0.03816312024954968,0.5456103908484818,0.49504886412438615,8.71160622225962e-05,0.7395597245236367,0.7395597245236367,0.7395597245236367,0.7395597245236367
111,30s,MN,0mM 2DG_1h_yes_A_MN_8_8_0006,1.2494835974403513,0.4526884783365493,0.36230045697591484,0.4380301772545507,[1.38002269e-03 3.27635608e-05],[3.27635608e-05 4.75198859e-06],0.5473115216634508,0.004309581887418515,0.994488446698624,-0.020025152458248954,0.6199617475386668,0.35563424145808886,0.0016537263309474714,1.2494835974403513,1.2494835974403513,1.2494835974403513,1.2494835974403513
111,30s,MN,0mM 2DG_1h_yes_A_MN_8_8_0013,1.020522869231657,0.3508743728609534,0.343818236160767,0.6360716126114526,[7.39546525e-04 3.20339548e-05],[3.20339548e-05 6.77139148e-06],0.6491256271390466,0.007202407159394544,0.9952970889386549,-0.027402828325618463,0.5806596369548261,0.429920870908339,0.0003734092543496863,1.020522869231657,1.020522869231657,1.020522869231657,1.020522869231657
111,30s,MN,0mM 2DG_1h_yes_A_MN_8_8_0015,0.5172116577008556,0.6075243423977594,1.1746145574103413,0.7588298750784157,[0.00304065 0.00035139],[3.51385492e-04 9.03973229e-05],0.39247565760224057,0.030814515441401083,0.9078284567479327,-0.023606121833749917,0.8147450298231543,0.7789493857393863,5.3388690202640385e-09,0.5172116577008556,0.5172116577008556,0.5172116577008556,0.5172116577008556
111,30s,MN,0mM 2DG_1h_yes_A_MN_8_8_0017,1.00114585005834,0.2777376076456559,0.27741972623616357,0.7214357351751052,[3.81766603e-04 1.91704780e-05],[1.91704780e-05 4.59721028e-06],0.7222623923543441,0.006130954910734422,0.9973713800419175,-0.030322664416384818,0.5327825078084838,0.43699689757848004,0.0003212148070450611,1.00114585005834,1.00114585005834,1.00114585005834,1.00114585005834
