batch,pair,reporter,condition,treatment,treat_time,cell_type,ratio_norm_median,ratio_norm_q25,ratio_norm_q75,ratio_norm_n,ratio_raw_median,k_median,k_q25,k_q75,k_n,rate_median,rate_q25,rate_q75,rate_n,ratio_col,k_col,rate_col
20260925_MN,"20260925_MN_92 + 20260925_MN_110,111",110,0mM 2DG_1h_MN,0mM 2DG,1h,MN,1.0,0.5492557334140216,1.4466004887236377,340,2.161288156725492,0.2188876898984775,0.18722677727609938,0.25659529509467577,44,0.08144113708887495,0.0713030553326401,0.095811179077246,41,bright_median_SN_ratio_488_405,adj_k_0.80_cond,(1-b)*k_Rsq>0.8
20260925_MN,"20260925_MN_92 + 20260925_MN_110,111",110,2mM 2DG_1h_MN,2mM 2DG,1h,MN,0.7086951850080802,0.4382557941070334,0.9511073783721272,240,1.531694510086345,0.1578008695877712,0.12347740874286738,0.18752143295527265,52,0.06358665170338305,0.05601623112037031,0.07332097638303794,43,bright_median_SN_ratio_488_405,adj_k_0.80_cond,(1-b)*k_Rsq>0.8
20260925_MN,"20260925_MN_92 + 20260925_MN_110,111",110,10mM 2DG_1h_MN,10mM 2DG,1h,MN,0.47666635288455134,0.24344776981709507,0.5909781585725744,189,1.0302133431989149,0.14841678125052699,0.0,0.244321182703085,46,0.051139228378825285,0.0417160523266189,0.05830251376839546,26,bright_median_SN_ratio_488_405,adj_k_0.80_cond,(1-b)*k_Rsq>0.8
20260925_MN,"20260925_MN_92 + 20260925_MN_110,111",110,50mM 2DG_1h_MN,50mM 2DG,1h,MN,0.4179029711729818,0.22776386679928495,0.502936774164362,299,0.9032087422565602,0.0,0.0,0.11827878713080335,43,0.03876710319928785,0.03393242162734185,0.041270286382338706,15,bright_median_SN_ratio_488_405,adj_k_0.80_cond,(1-b)*k_Rsq>0.8
20260925_MN,"20260925_MN_92 + 20260925_MN_110,111",111,0mM 2DG_1h_MN,0mM 2DG,1h,MN,1.0,0.5492557334140216,1.4466004887236377,340,2.161288156725492,1.0236235435182952,0.8992553345211568,1.1474756815335374,44,0.687859047069519,0.6066730052650666,0.7357498200202797,44,bright_median_SN_ratio_488_405,adj_k_0.80_cond,(1-b)*k_Rsq>0.8
20260925_MN,"20260925_MN_92 + 20260925_MN_110,111",111,2mM 2DG_1h_MN,2mM 2DG,1h,MN,0.7086951850080802,0.4382557941070334,0.9511073783721272,240,1.531694510086345,0.934304516339216,0.7951250724062219,1.0416680866950843,51,0.6156359792594258,0.4570194721811276,0.6831618474301222,51,bright_median_SN_ratio_488_405,adj_k_0.80_cond,(1-b)*k_Rsq>0.8
20260925_MN,"20260925_MN_92 + 20260925_MN_110,111",111,10mM 2DG_1h_MN,10mM 2DG,1h,MN,0.47666635288455134,0.24344776981709507,0.5909781585725744,189,1.0302133431989149,0.6533608096861212,0.46848887085234375,0.84972248979555,44,0.4109292073620097,0.26975423464863646,0.5331030315959497,43,bright_median_SN_ratio_488_405,adj_k_0.80_cond,(1-b)*k_Rsq>0.8
20260925_MN,"20260925_MN_92 + 20260925_MN_110,111",111,50mM 2DG_1h_MN,50mM 2DG,1h,MN,0.4179029711729818,0.22776386679928495,0.502936774164362,299,0.9032087422565602,0.3326321393364592,0.17093434968761298,0.5026221209937791,56,0.18352446078740928,0.08865256161614504,0.27347364741703173,48,bright_median_SN_ratio_488_405,adj_k_0.80_cond,(1-b)*k_Rsq>0.8
20260930_MN,"20260930_MN_92 + 20260930_MN_110,111",110,0mM 2DG_1h_MN,0mM 2DG,1h,MN,1.0,0.6941850414651465,1.4729833497327975,222,2.1951582477067433,0.18637621292750411,0.155482764912475,0.2151167738017928,56,0.08242183031240569,0.06717554103120951,0.09620783630878554,53,bright_median_SN_ratio_488_405,adj_k_0.80_cond,(1-b)*k_Rsq>0.8
20260930_MN,"20260930_MN_92 + 20260930_MN_110,111",110,1mM 2DG_1h_MN,1mM 2DG,1h,MN,1.3761713895579888,0.8929287785731972,1.74835658499345,271,3.0209139760462684,0.1996771978022177,0.17162806209574355,0.2221545807323692,31,0.07834720146165636,0.06927555940952576,0.09384589915371189,29,bright_median_SN_ratio_488_405,adj_k_0.80_cond,(1-b)*k_Rsq>0.8
20260930_MN,"20260930_MN_92 + 20260930_MN_110,111",110,2mM 2DG_1h_MN,2mM 2DG,1h,MN,1.3880563614958152,1.0323872447884566,1.6186957327137776,218,3.0470033702193513,0.1377157819917446,0.1088434238445474,0.1570343185949393,53,0.06857745021931642,0.05658670005172176,0.07639232220358971,51,bright_median_SN_ratio_488_405,adj_k_0.80_cond,(1-b)*k_Rsq>0.8
20260930_MN,"20260930_MN_92 + 20260930_MN_110,111",110,6mM 2DG_1h_MN,6mM 2DG,1h,MN,1.1794705428163992,0.8884992318716546,1.4415513607964248,220,2.589124489990568,0.251192635638968,0.2087978807571357,0.307245650054138,65,0.08111390461875628,0.07125339406589322,0.09072181125529341,59,bright_median_SN_ratio_488_405,adj_k_0.80_cond,(1-b)*k_Rsq>0.8
20260930_MN,"20260930_MN_92 + 20260930_MN_110,111",110,50mM 2DG_1h_MN,50mM 2DG,1h,MN,0.8289007497336627,0.6750412253706342,0.9630053924345511,244,1.8195683173081527,0.16561387250529186,0.12321549216481745,0.2211002618191971,126,0.053813620528054065,0.046201659208142606,0.062088213004179424,102,bright_median_SN_ratio_488_405,adj_k_0.80_cond,(1-b)*k_Rsq>0.8
20260930_MN,"20260930_MN_92 + 20260930_MN_110,111",111,0mM 2DG_1h_MN,0mM 2DG,1h,MN,1.0,0.6941850414651465,1.4729833497327975,222,2.1951582477067433,1.2341026840257325,1.0652634025767358,1.3701754048980366,72,0.7468642136557059,0.6162736410569201,0.8653766652619802,72,bright_median_SN_ratio_488_405,adj_k_0.80_cond,(1-b)*k_Rsq>0.8
20260930_MN,"20260930_MN_92 + 20260930_MN_110,111",111,1mM 2DG_1h_MN,1mM 2DG,1h,MN,1.3761713895579888,0.8929287785731972,1.74835658499345,271,3.0209139760462684,1.048419477777475,0.9222762278139932,1.1450484447712665,71,0.6509951203052293,0.4702497696884622,0.7567391152913603,71,bright_median_SN_ratio_488_405,adj_k_0.80_cond,(1-b)*k_Rsq>0.8
20260930_MN,"20260930_MN_92 + 20260930_MN_110,111",111,2mM 2DG_1h_MN,2mM 2DG,1h,MN,1.3880563614958152,1.0323872447884566,1.6186957327137776,218,3.0470033702193513,1.0627710488852506,0.9200088068115377,1.1349125928351937,43,0.7105495632241986,0.5866114740434003,0.7492076379074486,43,bright_median_SN_ratio_488_405,adj_k_0.80_cond,(1-b)*k_Rsq>0.8
20260930_MN,"20260930_MN_92 + 20260930_MN_110,111",111,6mM 2DG_1h_MN,6mM 2DG,1h,MN,1.1794705428163992,0.8884992318716546,1.4415513607964248,220,2.589124489990568,0.931392568652904,0.8407868286630398,1.0180928312590023,49,0.5747280244809275,0.5085285451595092,0.6704068682501009,49,bright_median_SN_ratio_488_405,adj_k_0.80_cond,(1-b)*k_Rsq>0.8
20260930_MN,"20260930_MN_92 + 20260930_MN_110,111",111,50mM 2DG_1h_MN,50mM 2DG,1h,MN,0.8289007497336627,0.6750412253706342,0.9630053924345511,244,1.8195683173081527,0.7852429054457332,0.678035135736121,0.8775258362497794,107,0.4957841725266571,0.43890213616468204,0.56874056516637,106,bright_median_SN_ratio_488_405,adj_k_0.80_cond,(1-b)*k_Rsq>0.8
20260925_MN,"20260925_MN_92 + 20260925_MN_110,111",110,0mM 2DG_1h_MN,0mM 2DG,1h,MN,1.0000000000000002,0.5694134094648509,1.4180426574408789,340,2.0165715499432,0.2188876898984775,0.18722677727609938,0.25659529509467577,44,0.08144113708887495,0.0713030553326401,0.095811179077246,41,bright_mean_SN_ratio_488_405,adj_k_0.80_cond,(1-b)*k_Rsq>0.8
20260925_MN,"20260925_MN_92 + 20260925_MN_110,111",110,2mM 2DG_1h_MN,2mM 2DG,1h,MN,0.6993444663766277,0.4563032390599059,0.9602750100912258,240,1.4102781545053165,0.1578008695877712,0.12347740874286738,0.18752143295527265,52,0.06358665170338305,0.05601623112037031,0.07332097638303794,43,bright_mean_SN_ratio_488_405,adj_k_0.80_cond,(1-b)*k_Rsq>0.8
20260925_MN,"20260925_MN_92 + 20260925_MN_110,111",110,10mM 2DG_1h_MN,10mM 2DG,1h,MN,0.4581491491539356,0.2537902960273477,0.5862000629483846,189,0.9238905398145104,0.14841678125052699,0.0,0.244321182703085,46,0.051139228378825285,0.0417160523266189,0.05830251376839546,26,bright_mean_SN_ratio_488_405,adj_k_0.80_cond,(1-b)*k_Rsq>0.8
20260925_MN,"20260925_MN_92 + 20260925_MN_110,111",110,50mM 2DG_1h_MN,50mM 2DG,1h,MN,0.4176696660431705,0.2445548176713318,0.5166003650432911,299,0.8422607658169352,0.0,0.0,0.11827878713080335,43,0.03876710319928785,0.03393242162734185,0.041270286382338706,15,bright_mean_SN_ratio_488_405,adj_k_0.80_cond,(1-b)*k_Rsq>0.8
20260925_MN,"20260925_MN_92 + 20260925_MN_110,111",111,0mM 2DG_1h_MN,0mM 2DG,1h,MN,1.0000000000000002,0.5694134094648509,1.4180426574408789,340,2.0165715499432,1.0236235435182952,0.8992553345211568,1.1474756815335374,44,0.687859047069519,0.6066730052650666,0.7357498200202797,44,bright_mean_SN_ratio_488_405,adj_k_0.80_cond,(1-b)*k_Rsq>0.8
20260925_MN,"20260925_MN_92 + 20260925_MN_110,111",111,2mM 2DG_1h_MN,2mM 2DG,1h,MN,0.6993444663766277,0.4563032390599059,0.9602750100912258,240,1.4102781545053165,0.934304516339216,0.7951250724062219,1.0416680866950843,51,0.6156359792594258,0.4570194721811276,0.6831618474301222,51,bright_mean_SN_ratio_488_405,adj_k_0.80_cond,(1-b)*k_Rsq>0.8
20260925_MN,"20260925_MN_92 + 20260925_MN_110,111",111,10mM 2DG_1h_MN,10mM 2DG,1h,MN,0.4581491491539356,0.2537902960273477,0.5862000629483846,189,0.9238905398145104,0.6533608096861212,0.46848887085234375,0.84972248979555,44,0.4109292073620097,0.26975423464863646,0.5331030315959497,43,bright_mean_SN_ratio_488_405,adj_k_0.80_cond,(1-b)*k_Rsq>0.8
20260925_MN,"20260925_MN_92 + 20260925_MN_110,111",111,50mM 2DG_1h_MN,50mM 2DG,1h,MN,0.4176696660431705,0.2445548176713318,0.5166003650432911,299,0.8422607658169352,0.3326321393364592,0.17093434968761298,0.5026221209937791,56,0.18352446078740928,0.08865256161614504,0.27347364741703173,48,bright_mean_SN_ratio_488_405,adj_k_0.80_cond,(1-b)*k_Rsq>0.8
20260930_MN,"20260930_MN_92 + 20260930_MN_110,111",110,0mM 2DG_1h_MN,0mM 2DG,1h,MN,1.0,0.710107261550551,1.476841648970925,222,2.152605210060849,0.18637621292750411,0.155482764912475,0.2151167738017928,56,0.08242183031240569,0.06717554103120951,0.09620783630878554,53,bright_mean_SN_ratio_488_405,adj_k_0.80_cond,(1-b)*k_Rsq>0.8
20260930_MN,"20260930_MN_92 + 20260930_MN_110,111",110,1mM 2DG_1h_MN,1mM 2DG,1h,MN,1.3523761939710823,0.8631684148589527,1.7348325365498936,271,2.911132041104413,0.1996771978022177,0.17162806209574355,0.2221545807323692,31,0.07834720146165636,0.06927555940952576,0.09384589915371189,29,bright_mean_SN_ratio_488_405,adj_k_0.80_cond,(1-b)*k_Rsq>0.8
20260930_MN,"20260930_MN_92 + 20260930_MN_110,111",110,2mM 2DG_1h_MN,2mM 2DG,1h,MN,1.4059840002834236,1.0331930329671741,1.6116193398233831,218,3.0265284842722924,0.1377157819917446,0.1088434238445474,0.1570343185949393,53,0.06857745021931642,0.05658670005172176,0.07639232220358971,51,bright_mean_SN_ratio_488_405,adj_k_0.80_cond,(1-b)*k_Rsq>0.8
20260930_MN,"20260930_MN_92 + 20260930_MN_110,111",110,6mM 2DG_1h_MN,6mM 2DG,1h,MN,1.1633366490034789,0.8876225375509612,1.451932741359122,220,2.5042045316996178,0.251192635638968,0.2087978807571357,0.307245650054138,65,0.08111390461875628,0.07125339406589322,0.09072181125529341,59,bright_mean_SN_ratio_488_405,adj_k_0.80_cond,(1-b)*k_Rsq>0.8
20260930_MN,"20260930_MN_92 + 20260930_MN_110,111",110,50mM 2DG_1h_MN,50mM 2DG,1h,MN,0.8286614149626523,0.6697878860955953,0.9693737136041964,244,1.7837808792250005,0.16561387250529186,0.12321549216481745,0.2211002618191971,126,0.053813620528054065,0.046201659208142606,0.062088213004179424,102,bright_mean_SN_ratio_488_405,adj_k_0.80_cond,(1-b)*k_Rsq>0.8
20260930_MN,"20260930_MN_92 + 20260930_MN_110,111",111,0mM 2DG_1h_MN,0mM 2DG,1h,MN,1.0,0.710107261550551,1.476841648970925,222,2.152605210060849,1.2341026840257325,1.0652634025767358,1.3701754048980366,72,0.7468642136557059,0.6162736410569201,0.8653766652619802,72,bright_mean_SN_ratio_488_405,adj_k_0.80_cond,(1-b)*k_Rsq>0.8
20260930_MN,"20260930_MN_92 + 20260930_MN_110,111",111,1mM 2DG_1h_MN,1mM 2DG,1h,MN,1.3523761939710823,0.8631684148589527,1.7348325365498936,271,2.911132041104413,1.048419477777475,0.9222762278139932,1.1450484447712665,71,0.6509951203052293,0.4702497696884622,0.7567391152913603,71,bright_mean_SN_ratio_488_405,adj_k_0.80_cond,(1-b)*k_Rsq>0.8
20260930_MN,"20260930_MN_92 + 20260930_MN_110,111",111,2mM 2DG_1h_MN,2mM 2DG,1h,MN,1.4059840002834236,1.0331930329671741,1.6116193398233831,218,3.0265284842722924,1.0627710488852506,0.9200088068115377,1.1349125928351937,43,0.7105495632241986,0.5866114740434003,0.7492076379074486,43,bright_mean_SN_ratio_488_405,adj_k_0.80_cond,(1-b)*k_Rsq>0.8
20260930_MN,"20260930_MN_92 + 20260930_MN_110,111",111,6mM 2DG_1h_MN,6mM 2DG,1h,MN,1.1633366490034789,0.8876225375509612,1.451932741359122,220,2.5042045316996178,0.931392568652904,0.8407868286630398,1.0180928312590023,49,0.5747280244809275,0.5085285451595092,0.6704068682501009,49,bright_mean_SN_ratio_488_405,adj_k_0.80_cond,(1-b)*k_Rsq>0.8
20260930_MN,"20260930_MN_92 + 20260930_MN_110,111",111,50mM 2DG_1h_MN,50mM 2DG,1h,MN,0.8286614149626523,0.6697878860955953,0.9693737136041964,244,1.7837808792250005,0.7852429054457332,0.678035135736121,0.8775258362497794,107,0.4957841725266571,0.43890213616468204,0.56874056516637,106,bright_mean_SN_ratio_488_405,adj_k_0.80_cond,(1-b)*k_Rsq>0.8
