batch,condition,treatment,treat_time,cell_type,k_median_export,k_q25_export,k_q75_export,k_ci_lo_export,k_ci_hi_export,k_n_export,rate_median_export,rate_q25_export,rate_q75_export,rate_ci_lo_export,rate_ci_hi_export,rate_n_export,k_median_import,k_q25_import,k_q75_import,k_ci_lo_import,k_ci_hi_import,k_n_import,rate_median_import,rate_q25_import,rate_q75_import,rate_ci_lo_import,rate_ci_hi_import,rate_n_import
20260925_MN,0mM 2DG_1h_MN,0mM 2DG,1h,MN,1.0236235435182952,0.8992553345211568,1.1474756815335374,0.9624387942906937,1.076288557644873,44,0.687859047069519,0.6066730052650666,0.7357498200202797,0.6418204675545858,0.714391842388632,44,0.2188876898984775,0.18722677727609938,0.25659529509467577,0.1981332188144914,0.2352661115657025,44,0.08144113708887495,0.0713030553326401,0.095811179077246,0.07425534250091456,0.08938493345004875,41
20260925_MN,2mM 2DG_1h_MN,2mM 2DG,1h,MN,0.934304516339216,0.7951250724062219,1.0416680866950843,0.905519097480711,0.9891295810313724,51,0.6156359792594258,0.4570194721811276,0.6831618474301222,0.5765069219022715,0.6642043800797233,51,0.1578008695877712,0.12347740874286738,0.18752143295527265,0.14232827702077366,0.17424594527959592,52,0.06358665170338305,0.05601623112037031,0.07332097638303794,0.05808749813861234,0.06900040841029226,43
20260925_MN,6mM 2DG_1h_MN,6mM 2DG,1h,MN,0.746253733194292,0.5979572607744921,0.8591928019058479,0.6674352554387075,0.8044811774164725,44,0.43081876376005535,0.3322333538134435,0.5239550865281969,0.37142359229568256,0.4844466305565923,44,0.118017515617545,0.0,0.16512790363244603,0.09387235255397966,0.1453356225827077,58,0.04176797921746059,0.03454286999172152,0.05104205822199485,0.039178739232835706,0.04537463289313769,44
20260925_MN,10mM 2DG_1h_MN,10mM 2DG,1h,MN,0.6533608096861212,0.46848887085234375,0.84972248979555,0.5552017018048384,0.7619269926230351,44,0.4109292073620097,0.26975423464863646,0.5331030315959497,0.3079668978763783,0.4750341933996364,43,0.14841678125052699,0.0,0.244321182703085,0.0,0.2099000206761812,46,0.051139228378825285,0.0417160523266189,0.05830251376839546,0.046530324822777636,0.05762552573026328,26
20260925_MN,50mM 2DG_1h_MN,50mM 2DG,1h,MN,0.3326321393364592,0.17093434968761298,0.5026221209937791,0.23581553351972662,0.4206958292445903,56,0.18352446078740928,0.08865256161614504,0.27347364741703173,0.131405583925958,0.24146693135528002,48,0.0,0.0,0.11827878713080335,0.0,0.0,43,0.03876710319928785,0.03393242162734185,0.041270286382338706,0.034140511666006,0.0413344648827276,15
20260930_MN,0mM 2DG_1h_MN,0mM 2DG,1h,MN,1.2341026840257325,1.0652634025767358,1.3701754048980366,1.160045716343943,1.31524897569175,72,0.7468642136557059,0.6162736410569201,0.8653766652619802,0.7174815765316599,0.8123362895872184,72,0.18637621292750411,0.155482764912475,0.2151167738017928,0.17437014731311903,0.2000692699022245,56,0.08242183031240569,0.06717554103120951,0.09620783630878554,0.07252618678822537,0.09133956961310219,53
20260930_MN,1mM 2DG_1h_MN,1mM 2DG,1h,MN,1.048419477777475,0.9222762278139932,1.1450484447712665,1.0230451453222764,1.0745809913367443,71,0.6509951203052293,0.4702497696884622,0.7567391152913603,0.6060512543193624,0.686080377184513,71,0.1996771978022177,0.17162806209574355,0.2221545807323692,0.1819793670464934,0.2119948897897666,31,0.07834720146165636,0.06927555940952576,0.09384589915371189,0.07423694782799989,0.08945128135863756,29
20260930_MN,2mM 2DG_1h_MN,2mM 2DG,1h,MN,1.0627710488852506,0.9200088068115377,1.1349125928351937,0.9852964713039422,1.0804814068458997,43,0.7105495632241986,0.5866114740434003,0.7492076379074486,0.6788038968690172,0.7339985652059432,43,0.1377157819917446,0.1088434238445474,0.1570343185949393,0.1249772917849433,0.1434952628982175,53,0.06857745021931642,0.05658670005172176,0.07639232220358971,0.06402185318551407,0.07166777905541695,51
20260930_MN,6mM 2DG_1h_MN,6mM 2DG,1h,MN,0.931392568652904,0.8407868286630398,1.0180928312590023,0.895393401303583,0.9721942626885272,49,0.5747280244809275,0.5085285451595092,0.6704068682501009,0.5520451963295426,0.6313180925044096,49,0.251192635638968,0.2087978807571357,0.307245650054138,0.2249538307148748,0.2756768063220199,65,0.08111390461875628,0.07125339406589322,0.09072181125529341,0.07638644012596914,0.08728295329622329,59
20260930_MN,50mM 2DG_1h_MN,50mM 2DG,1h,MN,0.7852429054457332,0.678035135736121,0.8775258362497794,0.7581584986978257,0.8183166231116895,107,0.4957841725266571,0.43890213616468204,0.56874056516637,0.4719937072308763,0.521115629950994,106,0.16561387250529186,0.12321549216481745,0.2211002618191971,0.14749189118167333,0.17869676227845466,126,0.053813620528054065,0.046201659208142606,0.062088213004179424,0.050349004193369934,0.05806304320896726,102
